-- MySQL dump 10.13  Distrib 8.0.20, for macos10.15 (x86_64)
--
-- Host: localhost    Database: data_record
-- ------------------------------------------------------
-- Server version	5.7.29

/*!40101 SET @OLD_CHARACTER_SET_CLIENT=@@CHARACTER_SET_CLIENT */;
/*!40101 SET @OLD_CHARACTER_SET_RESULTS=@@CHARACTER_SET_RESULTS */;
/*!40101 SET @OLD_COLLATION_CONNECTION=@@COLLATION_CONNECTION */;
/*!50503 SET NAMES utf8 */;
/*!40103 SET @OLD_TIME_ZONE=@@TIME_ZONE */;
/*!40103 SET TIME_ZONE='+00:00' */;
/*!40014 SET @OLD_UNIQUE_CHECKS=@@UNIQUE_CHECKS, UNIQUE_CHECKS=0 */;
/*!40014 SET @OLD_FOREIGN_KEY_CHECKS=@@FOREIGN_KEY_CHECKS, FOREIGN_KEY_CHECKS=0 */;
/*!40101 SET @OLD_SQL_MODE=@@SQL_MODE, SQL_MODE='NO_AUTO_VALUE_ON_ZERO' */;
/*!40111 SET @OLD_SQL_NOTES=@@SQL_NOTES, SQL_NOTES=0 */;

--
-- Dumping data for table `app_module`
--

LOCK TABLES `app_module` WRITE;
/*!40000 ALTER TABLE `app_module` DISABLE KEYS */;
INSERT INTO `app_module` VALUES (1,0,'填报指标','/rcdconfig'),(2,0,'填报任务','/rcdjobconfig'),(3,0,'填报','/rcdjob'),(4,0,'审批管理','/rcdflow'),(6,0,'权限管理','/sys'),(11,1,'填报指标体系','/rcdconfig/fldconfig'),(12,1,'数据字典','/rcdconfig/dictconfig'),(21,2,'填报任务维护','/rcdjobconfig/jobconfig'),(22,2,'填报组维护','/rcdjobconfig/unitconfig'),(23,2,'填报人维护','/rcdjobconfig/rcdusercg'),(24,2,'填报提醒维护','/rcdjobconfig/rcdnotice'),(31,3,'数据填报','/rcdjob/datareport'),(42,4,'任务定义审批','/rcdflow/jobConfigReview'),(43,4,'填报数据审核','/rcdflow/dtRpReview'),(61,6,'功能查看','/sys/menu'),(62,6,'用户管理','/sys/user'),(63,6,'角色管理','/sys/role'),(64,6,'机构管理','/sys/record/recordOriginManager');
/*!40000 ALTER TABLE `app_module` ENABLE KEYS */;
UNLOCK TABLES;

--
-- Dumping data for table `rcd_dt_catg`
--

LOCK TABLES `rcd_dt_catg` WRITE;
/*!40000 ALTER TABLE `rcd_dt_catg` DISABLE KEYS */;
INSERT INTO `rcd_dt_catg` VALUES (13,'项目基本情况表',10,0,211432671652483072,211176988264763392),(15,'项目月度工作计划表',10,0,211432671652483072,211176988264763392),(16,'项目进度情况表',10,0,211432671652483072,211176988264763392),(17,'黄村镇指标类别',13,0,218363241255014400,218300429283495936),(18,'大兴区工业企业新发地牛羊肉厅相关人员明细表',14,0,1,155348180513460224);
/*!40000 ALTER TABLE `rcd_dt_catg` ENABLE KEYS */;
UNLOCK TABLES;

--
-- Dumping data for table `rcd_dt_dict`
--

LOCK TABLES `rcd_dt_dict` WRITE;
/*!40000 ALTER TABLE `rcd_dt_dict` DISABLE KEYS */;
INSERT INTO `rcd_dt_dict` VALUES (9,'资金来源',NULL,NULL),(10,'是否选择',NULL,NULL);
/*!40000 ALTER TABLE `rcd_dt_dict` ENABLE KEYS */;
UNLOCK TABLES;

--
-- Dumping data for table `rcd_dt_dict_content`
--

LOCK TABLES `rcd_dt_dict_content` WRITE;
/*!40000 ALTER TABLE `rcd_dt_dict_content` DISABLE KEYS */;
INSERT INTO `rcd_dt_dict_content` VALUES (46,9,'区发改资金','0'),(47,9,'区财政资金','1'),(48,9,'市级资金','2'),(49,9,'自筹资金','3'),(50,9,'其他资金','4'),(51,10,'是','1'),(52,10,'否','0');
/*!40000 ALTER TABLE `rcd_dt_dict_content` ENABLE KEYS */;
UNLOCK TABLES;

--
-- Dumping data for table `rcd_dt_fld`
--

LOCK TABLES `rcd_dt_fld` WRITE;
/*!40000 ALTER TABLE `rcd_dt_fld` DISABLE KEYS */;
INSERT INTO `rcd_dt_fld` VALUES (13,50,'项目名称','','0',0,1,0,0,0,'1',211432671652483072,211176988264763392),(13,51,'建设单位','','0',0,1,0,0,0,'1',211432671652483072,211176988264763392),(13,52,'项目负责人','','0',0,0,0,0,0,'1',211432671652483072,211176988264763392),(13,53,'负责人联系方式','','1',0,0,0,0,0,'0',211432671652483072,211176988264763392),(13,54,'项目联系人','','0',0,0,0,0,0,'1',211432671652483072,211176988264763392),(13,55,'联系人方式','','1',0,0,0,0,0,'1',211432671652483072,211176988264763392),(13,56,'审查申请日期','','2',0,0,0,0,0,'1',211432671652483072,211176988264763392),(13,57,'报审资金','元','1',0,0,0,0,0,'0',211432671652483072,211176988264763392),(13,58,'资金来源','','0',0,0,0,0,0,'0',211432671652483072,211176988264763392),(13,59,'审查函复日期','','2',0,0,0,0,0,'1',211432671652483072,211176988264763392),(13,60,'审查后资金','元','1',0,0,0,0,0,'1',211432671652483072,211176988264763392),(13,61,'立项日期','','2',0,0,0,0,0,'1',211432671652483072,211176988264763392),(13,62,'函复日期','','2',0,0,0,0,0,'1',211432671652483072,211176988264763392),(13,63,'批复资金','元','1',0,0,0,0,0,'1',211432671652483072,211176988264763392),(15,64,'项目名称','','0',0,1,0,0,0,'1',211432671652483072,211176988264763392),(15,65,'建设单位','','0',0,1,0,0,0,'1',211432671652483072,211176988264763392),(15,66,'2020年1月','','0',0,0,0,0,0,'1',211432671652483072,211176988264763392),(15,67,'2020年2月','','0',0,0,0,0,0,'1',211432671652483072,211176988264763392),(15,68,'2020年3月','','0',0,0,0,0,0,'1',211432671652483072,211176988264763392),(15,69,'2020年4月','','0',0,0,0,0,0,'1',211432671652483072,211176988264763392),(15,70,'2020年5月','','0',0,0,0,0,0,'1',211432671652483072,211176988264763392),(15,71,'2020年6月','','0',0,0,0,0,0,'1',211432671652483072,211176988264763392),(15,72,'2020年7月','','0',0,0,0,0,0,'1',211432671652483072,211176988264763392),(15,73,'2020年8月','','0',0,0,0,0,0,'1',211432671652483072,211176988264763392),(15,74,'2020年9月','','0',0,0,0,0,0,'1',211432671652483072,211176988264763392),(15,75,'2020年10月','','0',0,0,0,0,0,'1',211432671652483072,211176988264763392),(15,76,'2020年11月','','0',0,0,0,0,0,'1',211432671652483072,211176988264763392),(15,77,'2020年12月','','0',0,0,0,0,0,'1',211432671652483072,211176988264763392),(16,78,'项目名称','','0',0,1,0,0,0,'1',211432671652483072,211176988264763392),(16,79,'建设单位','','0',0,1,0,0,0,'1',211432671652483072,211176988264763392),(16,80,'1月15日进度','','0',0,0,0,0,0,'1',211432671652483072,211176988264763392),(16,81,'1月30日进度','','0',0,0,0,0,0,'1',211432671652483072,211176988264763392),(16,82,'2月15日进度','','0',0,0,0,0,0,'1',211432671652483072,211176988264763392),(16,83,'2月28日进度','','0',0,0,0,0,0,'1',211432671652483072,211176988264763392),(16,84,'3月15日进度','','0',0,0,0,0,0,'1',211432671652483072,211176988264763392),(16,85,'3月30日进度','','0',0,0,0,0,0,'1',211432671652483072,211176988264763392),(16,86,'4月15日进度','','0',0,0,0,0,0,'1',211432671652483072,211176988264763392),(16,87,'4月30日进度','','0',0,0,0,0,0,'1',211432671652483072,211176988264763392),(16,88,'5月15日进度','','0',0,0,0,0,0,'1',211432671652483072,211176988264763392),(16,89,'5月30日进度','','0',0,0,0,0,0,'1',211432671652483072,211176988264763392),(16,90,'6月15日进度','','0',0,0,0,0,0,'1',211432671652483072,211176988264763392),(16,91,'6月30日进度','','0',0,0,0,0,0,'1',211432671652483072,211176988264763392),(16,92,'7月15日进度','','0',0,0,0,0,0,'1',211432671652483072,211176988264763392),(16,93,'7月30日进度','','0',0,0,0,0,0,'1',211432671652483072,211176988264763392),(16,94,'8月15日进度','','0',0,0,0,0,0,'1',211432671652483072,211176988264763392),(16,95,'8月30日进度','','0',0,0,0,0,0,'1',211432671652483072,211176988264763392),(16,96,'9月15日进度','','0',0,0,0,0,0,'1',211432671652483072,211176988264763392),(16,97,'9月30日进度','','0',0,0,0,0,0,'1',211432671652483072,211176988264763392),(16,98,'10月15日进度','','0',0,0,0,0,0,'1',211432671652483072,211176988264763392),(16,99,'10月30日进度','','0',0,0,0,0,0,'1',211432671652483072,211176988264763392),(16,100,'11月15日进度','','0',0,0,0,0,0,'1',211432671652483072,211176988264763392),(16,101,'11月30日进度','','0',0,0,0,0,0,'1',211432671652483072,211176988264763392),(16,102,'12月15日进度','','0',0,0,0,0,0,'1',211432671652483072,211176988264763392),(16,103,'12月30日进度','','0',0,0,0,0,0,'1',211432671652483072,211176988264763392),(17,104,'小麦','吨','5',0,0,0,0,0,'0',218363241255014400,218300429283495936),(18,106,'序号','','0',0,0,0,0,0,'1',1,155348180513460224),(18,107,'所在区县','','0',0,0,0,0,0,'1',1,155348180513460224),(18,108,'属地','','0',0,0,0,0,0,'1',1,155348180513460224),(18,109,'企业名称','','0',0,0,0,0,0,'1',1,155348180513460224),(18,110,'企业规模','','0',0,0,0,0,0,'1',1,155348180513460224),(18,111,'职工姓名','','0',0,0,0,0,0,'1',1,155348180513460224),(18,112,'身份证号','','0',0,0,0,0,0,'1',1,155348180513460224),(18,113,'手机号','','1',0,0,0,0,0,'1',1,155348180513460224),(18,114,'工厂职工与 新发地市场关系（5月30日后）','','0',0,0,0,0,0,'1',1,155348180513460224),(18,115,'岗位 食堂人员（包括厨师、服务人员和食材采购人员）','','0',0,0,0,0,0,'1',1,155348180513460224),(18,116,'是否去过牛羊肉大兴','','3',0,0,0,0,0,'1',1,155348180513460224),(18,117,'住址','','0',0,0,0,0,0,'1',1,155348180513460224),(18,118,'隔离地址（如与住址相同可不填写）','','0',0,0,0,0,0,'1',1,155348180513460224),(18,119,'隔离地址属性','','0',0,0,0,0,0,'1',1,155348180513460224),(18,120,'隔离地址备注','','0',0,0,0,0,0,'1',1,155348180513460224),(18,121,'7.4以前去过牛羊肉','','3',0,0,0,0,0,'0',1,155348180513460224),(18,122,'隔离起止日期','','0',0,0,0,0,0,'1',1,155348180513460224),(18,123,'核酸检测日期','','0',0,0,0,0,0,'1',1,155348180513460224),(18,124,'核酸检测结果','','0',0,0,0,0,0,'1',1,155348180513460224),(18,125,'是否是确诊人员密切接触人员','','0',0,0,0,0,0,'1',1,155348180513460224),(18,126,'备注','','0',0,0,0,0,0,'1',1,155348180513460224);
/*!40000 ALTER TABLE `rcd_dt_fld` ENABLE KEYS */;
UNLOCK TABLES;

--
-- Dumping data for table `rcd_dt_fld_ct_assign`
--

LOCK TABLES `rcd_dt_fld_ct_assign` WRITE;
/*!40000 ALTER TABLE `rcd_dt_fld_ct_assign` DISABLE KEYS */;
INSERT INTO `rcd_dt_fld_ct_assign` VALUES (46,58),(47,58),(48,58),(49,58),(50,58),(46,59),(47,59),(48,59),(49,59),(50,59),(46,60),(47,60),(48,60),(49,60),(50,60),(46,61),(47,61),(48,61),(49,61),(50,61),(46,62),(47,62),(48,62),(49,62),(50,62),(46,63),(47,63),(48,63),(49,63),(50,63),(46,64),(47,64),(48,64),(49,64),(50,64),(46,65),(47,65),(48,65),(49,65),(50,65),(46,66),(47,66),(48,66),(49,66),(50,66),(46,67),(47,67),(48,67),(49,67),(50,67),(46,68),(47,68),(48,68),(49,68),(50,68),(46,69),(47,69),(48,69),(49,69),(50,69),(46,70),(47,70),(48,70),(49,70),(50,70),(46,71),(47,71),(48,71),(49,71),(50,71),(46,72),(47,72),(48,72),(49,72),(50,72),(46,73),(47,73),(48,73),(49,73),(50,73),(46,74),(47,74),(48,74),(49,74),(50,74),(46,75),(47,75),(48,75),(49,75),(50,75),(46,76),(47,76),(48,76),(49,76),(50,76),(46,77),(47,77),(48,77),(49,77),(50,77),(46,78),(47,78),(48,78),(49,78),(50,78),(46,79),(47,79),(48,79),(49,79),(50,79),(46,80),(47,80),(48,80),(49,80),(50,80),(46,81),(47,81),(48,81),(49,81),(50,81),(46,82),(47,82),(48,82),(49,82),(50,82),(46,83),(47,83),(48,83),(49,83),(50,83),(46,84),(47,84),(48,84),(49,84),(50,84),(46,85),(47,85),(48,85),(49,85),(50,85),(46,86),(47,86),(48,86),(49,86),(50,86),(46,87),(47,87),(48,87),(49,87),(50,87),(46,88),(47,88),(48,88),(49,88),(50,88),(46,89),(47,89),(48,89),(49,89),(50,89),(46,90),(47,90),(48,90),(49,90),(50,90),(46,91),(47,91),(48,91),(49,91),(50,91),(46,92),(47,92),(48,92),(49,92),(50,92),(46,93),(47,93),(48,93),(49,93),(50,93),(46,94),(47,94),(48,94),(49,94),(50,94),(46,95),(47,95),(48,95),(49,95),(50,95),(46,96),(47,96),(48,96),(49,96),(50,96),(46,97),(47,97),(48,97),(49,97),(50,97),(46,98),(47,98),(48,98),(49,98),(50,98),(46,99),(47,99),(48,99),(49,99),(50,99),(46,100),(47,100),(48,100),(49,100),(50,100),(46,101),(47,101),(48,101),(49,101),(50,101),(46,102),(47,102),(48,102),(49,102),(50,102),(46,103),(47,103),(48,103),(49,103),(50,103),(51,116),(52,116),(51,117),(52,117),(51,118),(52,118),(51,119),(52,119),(51,120),(52,120),(51,121),(52,121),(46,104),(47,104),(48,104),(49,104),(50,104);
/*!40000 ALTER TABLE `rcd_dt_fld_ct_assign` ENABLE KEYS */;
UNLOCK TABLES;

--
-- Dumping data for table `rcd_dt_proj`
--

LOCK TABLES `rcd_dt_proj` WRITE;
/*!40000 ALTER TABLE `rcd_dt_proj` DISABLE KEYS */;
INSERT INTO `rcd_dt_proj` VALUES (10,'经信局-信息项目填报',0,211432671652483072,211176988264763392),(11,'庞各庄镇城市大脑信息化建设项目（区级综治中心试点镇项目）',0,216252121195089920,216249674867281920),(13,'短信测试指标',0,218363241255014400,218300429283495936),(14,'疫情采集',0,1,155348180513460224);
/*!40000 ALTER TABLE `rcd_dt_proj` ENABLE KEYS */;
UNLOCK TABLES;

--
-- Dumping data for table `rcd_sms_templates`
--

LOCK TABLES `rcd_sms_templates` WRITE;
/*!40000 ALTER TABLE `rcd_sms_templates` DISABLE KEYS */;
INSERT INTO `rcd_sms_templates` VALUES (2,'1','填报周期开始前提醒','您好，您有一个填报任务[${jobName}]需要填写，请您在以下填报日期进行填写：[${reportDate}]');
/*!40000 ALTER TABLE `rcd_sms_templates` ENABLE KEYS */;
UNLOCK TABLES;

--
-- Dumping data for table `sys_origin`
--

LOCK TABLES `sys_origin` WRITE;
/*!40000 ALTER TABLE `sys_origin` DISABLE KEYS */;
INSERT INTO `sys_origin` VALUES (155346082967195648,'经济和信息化局',155348180513460224,'0',NULL,NULL,NULL,'0','大兴',NULL,NULL,NULL,NULL,NULL,NULL),(155346518923153408,'信息化管理科',155346082967195648,'0',NULL,NULL,NULL,'0','大兴',NULL,NULL,NULL,NULL,NULL,NULL),(155348180513460224,'大兴区政府2019',0,'0',NULL,NULL,NULL,'0','大兴',NULL,NULL,NULL,NULL,NULL,NULL),(168755872292540416,'大兴区卫健委',0,'0',NULL,NULL,NULL,'0','北京市大兴区',NULL,NULL,NULL,NULL,NULL,NULL),(169034605381423104,'大兴区交通局',0,'0',NULL,NULL,NULL,'0','北京市大兴区',NULL,NULL,NULL,NULL,NULL,NULL),(169089014949875712,'北京市大兴区应急管理局',0,'0',NULL,NULL,NULL,'0','北京市大兴区',NULL,NULL,NULL,NULL,NULL,NULL),(169738794801696768,'大兴区公安局',0,'0',NULL,NULL,NULL,'0','北京市大兴区',NULL,NULL,NULL,NULL,NULL,NULL),(169745328151597056,'大兴区民政局',0,'0',NULL,NULL,NULL,'0','北京市大兴区',NULL,NULL,NULL,NULL,NULL,NULL),(169855619191410688,'大兴卫健委',0,'0',NULL,NULL,NULL,'0','北京市大兴区',NULL,NULL,NULL,NULL,NULL,NULL),(169870459393937408,'test777',0,'0',NULL,NULL,NULL,'0','北京市大兴区',NULL,NULL,NULL,NULL,NULL,NULL),(169879112398278656,'大兴区',0,'0',NULL,NULL,NULL,'0','dadf',NULL,NULL,NULL,NULL,NULL,NULL),(170850618477514752,'大兴区城管委',0,'0',NULL,NULL,NULL,'0','北京市大兴区',NULL,NULL,NULL,NULL,NULL,NULL),(171280916130435072,'大兴区经信局',0,'0',NULL,NULL,NULL,'0','北京市大兴局',NULL,NULL,NULL,NULL,NULL,NULL),(171287089541943296,'大兴区生态环境局',0,'0',NULL,NULL,NULL,'0','北京市大兴区',NULL,NULL,NULL,NULL,NULL,NULL),(171288033310674944,'大兴区城指中心',0,'0',NULL,NULL,NULL,'0','北京市大兴区',NULL,NULL,NULL,NULL,NULL,NULL),(173844227359379456,'大兴区财政局',0,'0',NULL,NULL,NULL,'0','北京市大兴区',NULL,NULL,NULL,NULL,NULL,NULL),(174818503172427776,'大兴区气象局',0,'0',NULL,NULL,NULL,'0','北京市大兴区',NULL,NULL,NULL,NULL,NULL,NULL),(174819506143760384,'大兴区市场监督管理局',0,'0',NULL,NULL,NULL,'0','北京市大兴区',NULL,NULL,NULL,NULL,NULL,NULL),(174820855564603392,'大兴区发改委',0,'0',NULL,NULL,NULL,'0','北京市大兴区',NULL,NULL,NULL,NULL,NULL,NULL),(174821668211003392,'大兴区人民法院',0,'0',NULL,NULL,NULL,'0','北京市大兴区',NULL,NULL,NULL,NULL,NULL,NULL),(174823649365331968,'大兴区农村农业局',0,'0',NULL,NULL,NULL,'0','北京市大兴区',NULL,NULL,NULL,NULL,NULL,NULL),(174824541636399104,'大兴区生物基地',0,'0',NULL,NULL,NULL,'0','北京市大兴区',NULL,NULL,NULL,NULL,NULL,NULL),(175208630776369152,'大兴区残联',0,'0',NULL,NULL,NULL,'0','北京市大兴区',NULL,NULL,NULL,NULL,NULL,NULL),(175209322744254464,'大兴区教委1',0,'0',NULL,NULL,NULL,'0','北京市教委',NULL,NULL,NULL,NULL,NULL,NULL),(175211305731493888,'大兴区园林绿化局',0,'0',NULL,NULL,NULL,'0','北京市大兴区',NULL,NULL,NULL,NULL,NULL,NULL),(175212391078957056,'大兴区人力资源和社会保障局',0,'0',NULL,NULL,NULL,'0','北京市大兴区',NULL,NULL,NULL,NULL,NULL,NULL),(175250314612576256,'大兴区住建委',0,'0',NULL,NULL,NULL,'0','北京市大兴区',NULL,NULL,NULL,NULL,NULL,NULL),(175251238127013888,'大兴区统计局',0,'0',NULL,NULL,NULL,'0','北京市大兴区',NULL,NULL,NULL,NULL,NULL,NULL),(178927307694673920,'大兴区科委',0,'0',NULL,NULL,NULL,'0','北京市大兴区',NULL,NULL,NULL,NULL,NULL,NULL),(178931439168000000,'大兴区商务局',0,'0',NULL,NULL,NULL,'0','北京市大兴区',NULL,NULL,NULL,NULL,NULL,NULL),(178932808385957888,'大兴区文旅局',0,'0',NULL,NULL,NULL,'0','北京市大兴区',NULL,NULL,NULL,NULL,NULL,NULL),(178965939184865280,'大兴区妇联',0,'0',NULL,NULL,NULL,'0','北京市大兴区',NULL,NULL,NULL,NULL,NULL,NULL),(178968473102323712,'大兴区政务服务局',0,'0',NULL,NULL,NULL,'0','北京市大兴区',NULL,NULL,NULL,NULL,NULL,NULL),(178972070082908160,'大兴区水务局',0,'0',NULL,NULL,NULL,'0','北京市大兴区',NULL,NULL,NULL,NULL,NULL,NULL),(181143615467294720,'大兴区民防局',0,'0',NULL,NULL,NULL,'0','北京市大兴区',NULL,NULL,NULL,NULL,NULL,NULL),(182525328948858880,'工作流测试机构',0,'0',NULL,NULL,NULL,'0','北京市大兴区',NULL,NULL,NULL,NULL,NULL,NULL),(183605736335609856,'一年级',175209322744254464,'0',NULL,NULL,NULL,'0','西红门镇',NULL,NULL,NULL,NULL,NULL,NULL),(194063993890017280,'大兴区税务局',0,'0',NULL,NULL,NULL,'0','大兴区',NULL,NULL,NULL,NULL,NULL,NULL),(194182129687597056,'机构001',0,'0',NULL,NULL,NULL,'0','机构地址',NULL,NULL,NULL,NULL,NULL,NULL),(194510118501617664,'大兴区总工会',0,'0',NULL,NULL,NULL,'0','北京市大兴区',NULL,NULL,NULL,NULL,NULL,NULL),(194518652513554432,'大兴区电商办',0,'0',NULL,NULL,NULL,'0','大兴区',NULL,NULL,NULL,NULL,NULL,NULL),(194523244701814784,'大兴区规划和自然资源委员会',0,'0',NULL,NULL,NULL,'0','北京市大兴区',NULL,NULL,NULL,NULL,NULL,NULL),(194546701007196160,'大兴区民宗办',0,'0',NULL,NULL,NULL,'0','北京市大兴区',NULL,NULL,NULL,NULL,NULL,NULL),(194595513411178496,'国资委',0,'0',NULL,NULL,NULL,'0','大兴区',NULL,NULL,NULL,NULL,NULL,NULL),(194604073759150080,'大兴区司法局',0,'0',NULL,NULL,NULL,'0','大兴区',NULL,NULL,NULL,NULL,NULL,NULL),(194615213226594304,'金融办',0,'0',NULL,NULL,NULL,'0','大兴区',NULL,NULL,NULL,NULL,NULL,NULL),(194618613972471808,'大兴区人防办',0,'0',NULL,NULL,NULL,'0','北京市大兴区',NULL,NULL,NULL,NULL,NULL,NULL),(194629248777064448,'大兴区新媒体基地',0,'0',NULL,NULL,NULL,'0','北京市大兴区',NULL,NULL,NULL,NULL,NULL,NULL),(194632474788237312,'大兴区审计局',0,'0',NULL,NULL,NULL,'0','大兴区',NULL,NULL,NULL,NULL,NULL,NULL),(194638643627954176,'大兴区体育局',0,'0',NULL,NULL,NULL,'0','大兴区',NULL,NULL,NULL,NULL,NULL,NULL),(194642755388051456,'大兴区退役军人局',0,'0',NULL,NULL,NULL,'0','大兴区',NULL,NULL,NULL,NULL,NULL,NULL),(194643770145378304,'大兴区信访办',0,'0',NULL,NULL,NULL,'0','大兴区',NULL,NULL,NULL,NULL,NULL,NULL),(194769868871045120,'测试机构666',0,'0',NULL,NULL,NULL,'0','大兴区兴丰大街',NULL,NULL,NULL,NULL,NULL,NULL),(203525249181028352,'项目管理科',155346082967195648,'0',NULL,NULL,NULL,'0','大兴',NULL,NULL,NULL,NULL,NULL,NULL),(210436970965504000,'市场监管局',155348180513460224,'0',NULL,NULL,NULL,'0','市场监管局',NULL,NULL,NULL,NULL,NULL,NULL),(210437282879115264,'民政局',155348180513460224,'0',NULL,NULL,NULL,'0','民政局',NULL,NULL,NULL,NULL,NULL,NULL),(211176092571144192,'大兴区政府',0,'0',NULL,NULL,NULL,'0','CA经信局数据同步',NULL,NULL,NULL,NULL,NULL,NULL),(211176874020311040,'经信局',211176092571144192,'0',NULL,NULL,NULL,'0','CA经信局数据同步',NULL,NULL,NULL,NULL,NULL,NULL),(211176988264763392,'党政办',211176874020311040,'0',NULL,NULL,NULL,'0','CA经信局数据同步',NULL,NULL,NULL,NULL,NULL,NULL),(211177030186831872,'经信局业务办理',211176874020311040,'0',NULL,NULL,NULL,'0','CA经信局数据同步',NULL,NULL,NULL,NULL,NULL,NULL),(213613934215827456,'教委',211176092571144192,'0',NULL,NULL,NULL,'0','CA经信局数据同步',NULL,NULL,NULL,NULL,NULL,NULL),(213614055976472576,'教委办公室',213613934215827456,'0',NULL,NULL,NULL,'0','CA经信局数据同步',NULL,NULL,NULL,NULL,NULL,NULL),(213614106106793984,'文旅局',211176092571144192,'0',NULL,NULL,NULL,'0','CA经信局数据同步',NULL,NULL,NULL,NULL,NULL,NULL),(213614135903129600,'文委办公室',213614106106793984,'0',NULL,NULL,NULL,'0','CA经信局数据同步',NULL,NULL,NULL,NULL,NULL,NULL),(213614282032680960,'卫健委',211176092571144192,'0',NULL,NULL,NULL,'0','CA经信局数据同步',NULL,NULL,NULL,NULL,NULL,NULL),(213614849907888128,'卫计委行政办',213614282032680960,'0',NULL,NULL,NULL,'0','CA经信局数据同步',NULL,NULL,NULL,NULL,NULL,NULL),(213614926101614592,'体育局',211176092571144192,'0',NULL,NULL,NULL,'0','CA经信局数据同步',NULL,NULL,NULL,NULL,NULL,NULL),(213614952643170304,'体育局办公室',213614926101614592,'0',NULL,NULL,NULL,'0','CA经信局数据同步',NULL,NULL,NULL,NULL,NULL,NULL),(213615060151570432,'科委',211176092571144192,'0',NULL,NULL,NULL,'0','CA经信局数据同步',NULL,NULL,NULL,NULL,NULL,NULL),(213615109820518400,'科委办公室',213615060151570432,'0',NULL,NULL,NULL,'0','CA经信局数据同步',NULL,NULL,NULL,NULL,NULL,NULL),(213615180788142080,'党校',211176092571144192,'0',NULL,NULL,NULL,'0','CA经信局数据同步',NULL,NULL,NULL,NULL,NULL,NULL),(213615208889978880,'党校办公室',213615180788142080,'0',NULL,NULL,NULL,'0','CA经信局数据同步',NULL,NULL,NULL,NULL,NULL,NULL),(213615311528792064,'创卫办',211176092571144192,'0',NULL,NULL,NULL,'0','CA经信局数据同步',NULL,NULL,NULL,NULL,NULL,NULL),(213615327601364992,'创卫办办公室',213615311528792064,'0',NULL,NULL,NULL,'0','CA经信局数据同步',NULL,NULL,NULL,NULL,NULL,NULL),(213615398539628544,'融媒体中心',211176092571144192,'0',NULL,NULL,NULL,'0','CA经信局数据同步',NULL,NULL,NULL,NULL,NULL,NULL),(213615487458873344,'广电中心办公室',213615398539628544,'0',NULL,NULL,NULL,'0','CA经信局数据同步',NULL,NULL,NULL,NULL,NULL,NULL),(213615564407574528,'红十字会',211176092571144192,'0',NULL,NULL,NULL,'0','CA经信局数据同步',NULL,NULL,NULL,NULL,NULL,NULL),(213615587258142720,'红十字会办公室',213615564407574528,'0',NULL,NULL,NULL,'0','CA经信局数据同步',NULL,NULL,NULL,NULL,NULL,NULL),(213615631268974592,'文联',211176092571144192,'0',NULL,NULL,NULL,'0','CA经信局数据同步',NULL,NULL,NULL,NULL,NULL,NULL),(213615653893050368,'文联办公室',213615631268974592,'0',NULL,NULL,NULL,'0','CA经信局数据同步',NULL,NULL,NULL,NULL,NULL,NULL),(213615697220210688,'医保局',211176092571144192,'0',NULL,NULL,NULL,'0','CA经信局数据同步',NULL,NULL,NULL,NULL,NULL,NULL),(213615713007570944,'医保局办公室',213615697220210688,'0',NULL,NULL,NULL,'0','CA经信局数据同步',NULL,NULL,NULL,NULL,NULL,NULL),(213615777876676608,'爱卫办',211176092571144192,'0',NULL,NULL,NULL,'0','CA经信局数据同步',NULL,NULL,NULL,NULL,NULL,NULL),(213615792909062144,'爱卫办办公室',213615777876676608,'0',NULL,NULL,NULL,'0','CA经信局数据同步',NULL,NULL,NULL,NULL,NULL,NULL),(213617108091801600,'大兴区委',0,'0',NULL,NULL,NULL,'0','CA经信局数据同步',NULL,NULL,NULL,NULL,NULL,NULL),(213617124286009344,'政法委',213617108091801600,'0',NULL,NULL,NULL,'0','CA经信局数据同步',NULL,NULL,NULL,NULL,NULL,NULL),(213617283694727168,'政法委办公室',213617124286009344,'0',NULL,NULL,NULL,'0','CA经信局数据同步',NULL,NULL,NULL,NULL,NULL,NULL),(213617339495747584,'区委社会工委区民政局',211176092571144192,'0',NULL,NULL,NULL,'0','CA经信局数据同步',NULL,NULL,NULL,NULL,NULL,NULL),(213617382822907904,'民政局办公室',213617339495747584,'0',NULL,NULL,NULL,'0','CA经信局数据同步',NULL,NULL,NULL,NULL,NULL,NULL),(213617449453621248,'司法局',211176092571144192,'0',NULL,NULL,NULL,'0','CA经信局数据同步',NULL,NULL,NULL,NULL,NULL,NULL),(213617488573894656,'司法局办公室',213617449453621248,'0',NULL,NULL,NULL,'0','CA经信局数据同步',NULL,NULL,NULL,NULL,NULL,NULL),(213617554751623168,'人防办',211176092571144192,'0',NULL,NULL,NULL,'0','CA经信局数据同步',NULL,NULL,NULL,NULL,NULL,NULL),(213617583184809984,'民防局办公室',213617554751623168,'0',NULL,NULL,NULL,'0','CA经信局数据同步',NULL,NULL,NULL,NULL,NULL,NULL),(213617639073910784,'公安分局',211176092571144192,'0',NULL,NULL,NULL,'0','CA经信局数据同步',NULL,NULL,NULL,NULL,NULL,NULL),(213617671835619328,'公安分局办公室',213617639073910784,'0',NULL,NULL,NULL,'0','CA经信局数据同步',NULL,NULL,NULL,NULL,NULL,NULL),(213617712872689664,'检察院',211176092571144192,'0',NULL,NULL,NULL,'0','CA经信局数据同步',NULL,NULL,NULL,NULL,NULL,NULL),(213617746167074816,'检察院办公室',213617712872689664,'0',NULL,NULL,NULL,'0','CA经信局数据同步',NULL,NULL,NULL,NULL,NULL,NULL),(213617793369772032,'武装部',211176092571144192,'0',NULL,NULL,NULL,'0','CA经信局数据同步',NULL,NULL,NULL,NULL,NULL,NULL),(213617818946637824,'武装部办公室',213617793369772032,'0',NULL,NULL,NULL,'0','CA经信局数据同步',NULL,NULL,NULL,NULL,NULL,NULL),(213617993299660800,'民宗办',211176092571144192,'0',NULL,NULL,NULL,'0','CA经信局数据同步',NULL,NULL,NULL,NULL,NULL,NULL),(213618086329323520,'民委宗教局办公室',213617993299660800,'0',NULL,NULL,NULL,'0','CA经信局数据同步',NULL,NULL,NULL,NULL,NULL,NULL),(213618148727984128,'法院',211176092571144192,'0',NULL,NULL,NULL,'0','CA经信局数据同步',NULL,NULL,NULL,NULL,NULL,NULL),(213618180126543872,'法院办公室',213618148727984128,'0',NULL,NULL,NULL,'0','CA经信局数据同步',NULL,NULL,NULL,NULL,NULL,NULL),(213618311605391360,'城指中心',211176092571144192,'0',NULL,NULL,NULL,'0','CA经信局数据同步',NULL,NULL,NULL,NULL,NULL,NULL),(213618333038284800,'城指中心办公室',213618311605391360,'0',NULL,NULL,NULL,'0','CA经信局数据同步',NULL,NULL,NULL,NULL,NULL,NULL),(213618377577598976,'国安分局',211176092571144192,'0',NULL,NULL,NULL,'0','CA经信局数据同步',NULL,NULL,NULL,NULL,NULL,NULL),(213618396108034048,'国安分局办公室',213618377577598976,'0',NULL,NULL,NULL,'0','CA经信局数据同步',NULL,NULL,NULL,NULL,NULL,NULL),(213618442656419840,'反诈中心',211176092571144192,'0',NULL,NULL,NULL,'0','CA经信局数据同步',NULL,NULL,NULL,NULL,NULL,NULL),(213618461115551744,'反诈中心办公室',213618442656419840,'0',NULL,NULL,NULL,'0','CA经信局数据同步',NULL,NULL,NULL,NULL,NULL,NULL),(213618500932079616,'交通支队',211176092571144192,'0',NULL,NULL,NULL,'0','CA经信局数据同步',NULL,NULL,NULL,NULL,NULL,NULL),(213618521823907840,'交通支队办公室',213618500932079616,'0',NULL,NULL,NULL,'0','CA经信局数据同步',NULL,NULL,NULL,NULL,NULL,NULL),(213618567365660672,'区反恐办',211176092571144192,'0',NULL,NULL,NULL,'0','CA经信局数据同步',NULL,NULL,NULL,NULL,NULL,NULL),(213618588819525632,'区反恐办办公室',213618567365660672,'0',NULL,NULL,NULL,'0','CA经信局数据同步',NULL,NULL,NULL,NULL,NULL,NULL),(213618648416391168,'大兴区退役军人事务局',211176092571144192,'0',NULL,NULL,NULL,'0','CA经信局数据同步',NULL,NULL,NULL,NULL,NULL,NULL),(213618666045050880,'退役军人事务局办公室',213618648416391168,'0',NULL,NULL,NULL,'0','CA经信局数据同步',NULL,NULL,NULL,NULL,NULL,NULL),(213618722689126400,'区出租房屋管理工作专班',211176092571144192,'0',NULL,NULL,NULL,'0','CA经信局数据同步',NULL,NULL,NULL,NULL,NULL,NULL),(213618753626312704,'区出租房屋管理工作专班办公室',213618722689126400,'0',NULL,NULL,NULL,'0','CA经信局数据同步',NULL,NULL,NULL,NULL,NULL,NULL),(215397732272181248,'大兴区人大',0,'0',NULL,NULL,NULL,'0','CA经信局数据同步',NULL,NULL,NULL,NULL,NULL,NULL),(215397754896257024,'人大办公室',215397732272181248,'0',NULL,NULL,NULL,'0','CA经信局数据同步',NULL,NULL,NULL,NULL,NULL,NULL),(215397771006578688,'人大办公室',215397754896257024,'0',NULL,NULL,NULL,'0','CA经信局数据同步',NULL,NULL,NULL,NULL,NULL,NULL),(215397864778633216,'政府办',211176092571144192,'0',NULL,NULL,NULL,'0','CA经信局数据同步',NULL,NULL,NULL,NULL,NULL,NULL),(215397932424368128,'政府文书科',215397864778633216,'0',NULL,NULL,NULL,'0','CA经信局数据同步',NULL,NULL,NULL,NULL,NULL,NULL),(215397987239727104,'大兴区政协',0,'0',NULL,NULL,NULL,'0','CA经信局数据同步',NULL,NULL,NULL,NULL,NULL,NULL),(215398016318836736,'政协办公室',215397987239727104,'0',NULL,NULL,NULL,'0','CA经信局数据同步',NULL,NULL,NULL,NULL,NULL,NULL),(215398032605319168,'政协办公室',215398016318836736,'0',NULL,NULL,NULL,'0','CA经信局数据同步',NULL,NULL,NULL,NULL,NULL,NULL),(215398331122323456,'研究室',213617108091801600,'0',NULL,NULL,NULL,'0','CA经信局数据同步',NULL,NULL,NULL,NULL,NULL,NULL),(215398346997764096,'研究室办公室',215398331122323456,'0',NULL,NULL,NULL,'0','CA经信局数据同步',NULL,NULL,NULL,NULL,NULL,NULL),(215398402383548416,'编办',213617108091801600,'0',NULL,NULL,NULL,'0','CA经信局数据同步',NULL,NULL,NULL,NULL,NULL,NULL),(215398427369017344,'编办秘书科',215398402383548416,'0',NULL,NULL,NULL,'0','CA经信局数据同步',NULL,NULL,NULL,NULL,NULL,NULL),(215398494742122496,'机关工委',213617108091801600,'0',NULL,NULL,NULL,'0','CA经信局数据同步',NULL,NULL,NULL,NULL,NULL,NULL),(215398508189061120,'机关工委办公室',215398494742122496,'0',NULL,NULL,NULL,'0','CA经信局数据同步',NULL,NULL,NULL,NULL,NULL,NULL),(215398553370103808,'保密局',213617108091801600,'0',NULL,NULL,NULL,'0','CA经信局数据同步',NULL,NULL,NULL,NULL,NULL,NULL),(215398569975353344,'保密局办公室',215398553370103808,'0',NULL,NULL,NULL,'0','CA经信局数据同步',NULL,NULL,NULL,NULL,NULL,NULL),(215398631681953792,'团委',213617108091801600,'0',NULL,NULL,NULL,'0','CA经信局数据同步',NULL,NULL,NULL,NULL,NULL,NULL),(215398654243115008,'团委办公室',215398631681953792,'0',NULL,NULL,NULL,'0','CA经信局数据同步',NULL,NULL,NULL,NULL,NULL,NULL),(215398700917329920,'史志办',213617108091801600,'0',NULL,NULL,NULL,'0','CA经信局数据同步',NULL,NULL,NULL,NULL,NULL,NULL),(215398716629192704,'史志办办公室',215398700917329920,'0',NULL,NULL,NULL,'0','CA经信局数据同步',NULL,NULL,NULL,NULL,NULL,NULL),(215398771419385856,'妇联',213617108091801600,'0',NULL,NULL,NULL,'0','CA经信局数据同步',NULL,NULL,NULL,NULL,NULL,NULL),(215398786980253696,'妇联办公室',215398771419385856,'0',NULL,NULL,NULL,'0','CA经信局数据同步',NULL,NULL,NULL,NULL,NULL,NULL),(215398835307024384,'文明办',213617108091801600,'0',NULL,NULL,NULL,'0','CA经信局数据同步',NULL,NULL,NULL,NULL,NULL,NULL),(215398871747137536,'文明办办公室',215398835307024384,'0',NULL,NULL,NULL,'0','CA经信局数据同步',NULL,NULL,NULL,NULL,NULL,NULL),(215399398790795264,'后勤中心',213617108091801600,'0',NULL,NULL,NULL,'0','CA经信局数据同步',NULL,NULL,NULL,NULL,NULL,NULL),(215399413248561152,'后勤中心办公室',215399398790795264,'0',NULL,NULL,NULL,'0','CA经信局数据同步',NULL,NULL,NULL,NULL,NULL,NULL),(215399480604889088,'统战部',213617108091801600,'0',NULL,NULL,NULL,'0','CA经信局数据同步',NULL,NULL,NULL,NULL,NULL,NULL),(215399506689265664,'统战部办公室',215399480604889088,'0',NULL,NULL,NULL,'0','CA经信局数据同步',NULL,NULL,NULL,NULL,NULL,NULL),(215399589291888640,'宣传部',213617108091801600,'0',NULL,NULL,NULL,'0','CA经信局数据同步',NULL,NULL,NULL,NULL,NULL,NULL),(215399613425913856,'宣传部办公室',215399589291888640,'0',NULL,NULL,NULL,'0','CA经信局数据同步',NULL,NULL,NULL,NULL,NULL,NULL),(215401619368579072,'纪委监察委',213617108091801600,'0',NULL,NULL,NULL,'0','CA经信局数据同步',NULL,NULL,NULL,NULL,NULL,NULL),(215401639706759168,'纪委监察委办公室',215401619368579072,'0',NULL,NULL,NULL,'0','CA经信局数据同步',NULL,NULL,NULL,NULL,NULL,NULL),(215402091043229696,'组织部',213617108091801600,'0',NULL,NULL,NULL,'0','CA经信局数据同步',NULL,NULL,NULL,NULL,NULL,NULL),(215402104951541760,'组织部办公室',215402091043229696,'0',NULL,NULL,NULL,'0','CA经信局数据同步',NULL,NULL,NULL,NULL,NULL,NULL),(215402152020021248,'防控专班',211176092571144192,'0',NULL,NULL,NULL,'0','CA经信局数据同步',NULL,NULL,NULL,NULL,NULL,NULL),(215402173213839360,'防控专班办公室',215402152020021248,'0',NULL,NULL,NULL,'0','CA经信局数据同步',NULL,NULL,NULL,NULL,NULL,NULL),(215402323957125120,'社会工委',211176092571144192,'0',NULL,NULL,NULL,'0','CA经信局数据同步',NULL,NULL,NULL,NULL,NULL,NULL),(215402346883190784,'社会工委办公室',215402323957125120,'0',NULL,NULL,NULL,'0','CA经信局数据同步',NULL,NULL,NULL,NULL,NULL,NULL),(215402487606284288,'老干部局',211176092571144192,'0',NULL,NULL,NULL,'0','CA经信局数据同步',NULL,NULL,NULL,NULL,NULL,NULL),(215402520854532096,'老干部局办公室',215402487606284288,'0',NULL,NULL,NULL,'0','CA经信局数据同步',NULL,NULL,NULL,NULL,NULL,NULL),(215402574717784064,'关工委',211176092571144192,'0',NULL,NULL,NULL,'0','CA经信局数据同步',NULL,NULL,NULL,NULL,NULL,NULL),(215402618221105152,'关工委办公室',215402574717784064,'0',NULL,NULL,NULL,'0','CA经信局数据同步',NULL,NULL,NULL,NULL,NULL,NULL),(215402663058214912,'信访办',211176092571144192,'0',NULL,NULL,NULL,'0','CA经信局数据同步',NULL,NULL,NULL,NULL,NULL,NULL),(215402703327727616,'信访办办公室',215402663058214912,'0',NULL,NULL,NULL,'0','CA经信局数据同步',NULL,NULL,NULL,NULL,NULL,NULL),(215402748760428544,'档案局',211176092571144192,'0',NULL,NULL,NULL,'0','CA经信局数据同步',NULL,NULL,NULL,NULL,NULL,NULL),(215402779806666752,'档案局办公室',215402748760428544,'0',NULL,NULL,NULL,'0','CA经信局数据同步',NULL,NULL,NULL,NULL,NULL,NULL),(215402844168261632,'地震局',211176092571144192,'0',NULL,NULL,NULL,'0','CA经信局数据同步',NULL,NULL,NULL,NULL,NULL,NULL),(215402875109642240,'地震局办公室',215402844168261632,'0',NULL,NULL,NULL,'0','CA经信局数据同步',NULL,NULL,NULL,NULL,NULL,NULL),(215402912006934528,'工商联',211176092571144192,'0',NULL,NULL,NULL,'0','CA经信局数据同步',NULL,NULL,NULL,NULL,NULL,NULL),(215402967988310016,'工商联办公室',215402912006934528,'0',NULL,NULL,NULL,'0','CA经信局数据同步',NULL,NULL,NULL,NULL,NULL,NULL),(215403006018064384,'总工会',211176092571144192,'0',NULL,NULL,NULL,'0','CA经信局数据同步',NULL,NULL,NULL,NULL,NULL,NULL),(215403050305720320,'总工会办公室',215403006018064384,'0',NULL,NULL,NULL,'0','CA经信局数据同步',NULL,NULL,NULL,NULL,NULL,NULL),(215403112633077760,'残联',211176092571144192,'0',NULL,NULL,NULL,'0','CA经信局数据同步',NULL,NULL,NULL,NULL,NULL,NULL),(215403141586358272,'残联办公室',215403112633077760,'0',NULL,NULL,NULL,'0','CA经信局数据同步',NULL,NULL,NULL,NULL,NULL,NULL),(215403397694754816,'区选办',213617108091801600,'0',NULL,NULL,NULL,'0','CA经信局数据同步',NULL,NULL,NULL,NULL,NULL,NULL),(215403418670469120,'区选办办公室',215403397694754816,'0',NULL,NULL,NULL,'0','CA经信局数据同步',NULL,NULL,NULL,NULL,NULL,NULL),(215403457476169728,'区委巡察办',211176092571144192,'0',NULL,NULL,NULL,'0','CA经信局数据同步',NULL,NULL,NULL,NULL,NULL,NULL),(215403483015286784,'巡察办办公室',215403457476169728,'0',NULL,NULL,NULL,'0','CA经信局数据同步',NULL,NULL,NULL,NULL,NULL,NULL),(215403527642681344,'创城办',213617108091801600,'0',NULL,NULL,NULL,'0','CA经信局数据同步',NULL,NULL,NULL,NULL,NULL,NULL),(215403548412874752,'创城办办公室',215403527642681344,'0',NULL,NULL,NULL,'0','CA经信局数据同步',NULL,NULL,NULL,NULL,NULL,NULL),(215403598706774016,'区委办',213617108091801600,'0',NULL,NULL,NULL,'0','CA经信局数据同步',NULL,NULL,NULL,NULL,NULL,NULL),(215403780764733440,'区委秘书科',215403598706774016,'0',NULL,NULL,NULL,'0','CA经信局数据同步',NULL,NULL,NULL,NULL,NULL,NULL),(215879844762882048,'发改委',211176092571144192,'0',NULL,NULL,NULL,'0','CA经信局数据同步',NULL,NULL,NULL,NULL,NULL,NULL),(215879887246987264,'发改委办公室',215879844762882048,'0',NULL,NULL,NULL,'0','CA经信局数据同步',NULL,NULL,NULL,NULL,NULL,NULL),(215879941303177216,'国家统计局大兴调查队',211176092571144192,'0',NULL,NULL,NULL,'0','CA经信局数据同步',NULL,NULL,NULL,NULL,NULL,NULL),(215879978003337216,'调查队办公室',215879941303177216,'0',NULL,NULL,NULL,'0','CA经信局数据同步',NULL,NULL,NULL,NULL,NULL,NULL),(215880028704083968,'财政局',211176092571144192,'0',NULL,NULL,NULL,'0','CA经信局数据同步',NULL,NULL,NULL,NULL,NULL,NULL),(215880056147415040,'财政局办公室',215880028704083968,'0',NULL,NULL,NULL,'0','CA经信局数据同步',NULL,NULL,NULL,NULL,NULL,NULL),(215880107481501696,'人保局',211176092571144192,'0',NULL,NULL,NULL,'0','CA经信局数据同步',NULL,NULL,NULL,NULL,NULL,NULL),(215880168458293248,'人保局办公室',215880107481501696,'0',NULL,NULL,NULL,'0','CA经信局数据同步',NULL,NULL,NULL,NULL,NULL,NULL),(215880219217760256,'审计局',211176092571144192,'0',NULL,NULL,NULL,'0','CA经信局数据同步',NULL,NULL,NULL,NULL,NULL,NULL),(215880288025317376,'审计局办公室',215880219217760256,'0',NULL,NULL,NULL,'0','CA经信局数据同步',NULL,NULL,NULL,NULL,NULL,NULL),(215880364680417280,'统计局',211176092571144192,'0',NULL,NULL,NULL,'0','CA经信局数据同步',NULL,NULL,NULL,NULL,NULL,NULL),(215880435664818176,'统计局办公室',215880364680417280,'0',NULL,NULL,NULL,'0','CA经信局数据同步',NULL,NULL,NULL,NULL,NULL,NULL),(215880493634293760,'国资委',211176092571144192,'0',NULL,NULL,NULL,'0','CA经信局数据同步',NULL,NULL,NULL,NULL,NULL,NULL),(215880532419022848,'国资委办公室',215880493634293760,'0',NULL,NULL,NULL,'0','CA经信局数据同步',NULL,NULL,NULL,NULL,NULL,NULL),(215880584445169664,'税务局',211176092571144192,'0',NULL,NULL,NULL,'0','CA经信局数据同步',NULL,NULL,NULL,NULL,NULL,NULL),(215880627403231232,'税务局办公室',215880584445169664,'0',NULL,NULL,NULL,'0','CA经信局数据同步',NULL,NULL,NULL,NULL,NULL,NULL),(215880936691208192,'市场监督局',211176092571144192,'0',NULL,NULL,NULL,'0','CA经信局数据同步',NULL,NULL,NULL,NULL,NULL,NULL),(215880990017589248,'工商分局办公室',215880936691208192,'0',NULL,NULL,NULL,'0','CA经信局数据同步',NULL,NULL,NULL,NULL,NULL,NULL),(215881054467264512,'主题教育办公室',213617108091801600,'0',NULL,NULL,NULL,'0','CA经信局数据同步',NULL,NULL,NULL,NULL,NULL,NULL),(215881073056419840,'主题教育办公室',215881054467264512,'0',NULL,NULL,NULL,'0','CA经信局数据同步',NULL,NULL,NULL,NULL,NULL,NULL),(215881141998194688,'产促局',211176092571144192,'0',NULL,NULL,NULL,'0','CA经信局数据同步',NULL,NULL,NULL,NULL,NULL,NULL),(215881163363979264,'产促局办公室',215881141998194688,'0',NULL,NULL,NULL,'0','CA经信局数据同步',NULL,NULL,NULL,NULL,NULL,NULL),(215881210675728384,'科协',211176092571144192,'0',NULL,NULL,NULL,'0','CA经信局数据同步',NULL,NULL,NULL,NULL,NULL,NULL),(215881242040733696,'科协办公室',215881210675728384,'0',NULL,NULL,NULL,'0','CA经信局数据同步',NULL,NULL,NULL,NULL,NULL,NULL),(215881292628234240,'政务服务局',211176092571144192,'0',NULL,NULL,NULL,'0','CA经信局数据同步',NULL,NULL,NULL,NULL,NULL,NULL),(215881333715636224,'综合行政服务中心办公室',215881292628234240,'0',NULL,NULL,NULL,'0','CA经信局数据同步',NULL,NULL,NULL,NULL,NULL,NULL),(215881428817285120,'金融服务办',211176092571144192,'0',NULL,NULL,NULL,'0','CA经信局数据同步',NULL,NULL,NULL,NULL,NULL,NULL),(215881473478234112,'金融办办公室',215881428817285120,'0',NULL,NULL,NULL,'0','CA经信局数据同步',NULL,NULL,NULL,NULL,NULL,NULL),(215881530193612800,'区委网信办',213617108091801600,'0',NULL,NULL,NULL,'0','CA经信局数据同步',NULL,NULL,NULL,NULL,NULL,NULL),(215881559398551552,'区委网信办办公室',215881530193612800,'0',NULL,NULL,NULL,'0','CA经信局数据同步',NULL,NULL,NULL,NULL,NULL,NULL),(215881617573548032,'新区主体办',213617108091801600,'0',NULL,NULL,NULL,'0','CA经信局数据同步',NULL,NULL,NULL,NULL,NULL,NULL),(215881634925383680,'新区主体办',215881617573548032,'0',NULL,NULL,NULL,'0','CA经信局数据同步',NULL,NULL,NULL,NULL,NULL,NULL),(215881700796928000,'新区党建办',213617108091801600,'0',NULL,NULL,NULL,'0','CA经信局数据同步',NULL,NULL,NULL,NULL,NULL,NULL),(215881718689828864,'新区党建办',215881700796928000,'0',NULL,NULL,NULL,'0','CA经信局数据同步',NULL,NULL,NULL,NULL,NULL,NULL),(215881766261624832,'机场办',211176092571144192,'0',NULL,NULL,NULL,'0','CA经信局数据同步',NULL,NULL,NULL,NULL,NULL,NULL),(215881801279868928,'机场办办公室',215881766261624832,'0',NULL,NULL,NULL,'0','CA经信局数据同步',NULL,NULL,NULL,NULL,NULL,NULL),(215888488338427904,'农业农村局',211176092571144192,'0',NULL,NULL,NULL,'0','CA经信局数据同步',NULL,NULL,NULL,NULL,NULL,NULL),(215888512946409472,'农委办公室',215888488338427904,'0',NULL,NULL,NULL,'0','CA经信局数据同步',NULL,NULL,NULL,NULL,NULL,NULL),(215888556093214720,'水务局',211176092571144192,'0',NULL,NULL,NULL,'0','CA经信局数据同步',NULL,NULL,NULL,NULL,NULL,NULL),(215888590574587904,'水务局办公室',215888556093214720,'0',NULL,NULL,NULL,'0','CA经信局数据同步',NULL,NULL,NULL,NULL,NULL,NULL),(216245728132075520,'城管委',211176092571144192,'0',NULL,NULL,NULL,'0','CA经信局数据同步',NULL,NULL,NULL,NULL,NULL,NULL),(216245805848334336,'区城管委办公室',216245728132075520,'0',NULL,NULL,NULL,'0','CA经信局数据同步',NULL,NULL,NULL,NULL,NULL,NULL),(216245880846684160,'环卫中心',211176092571144192,'0',NULL,NULL,NULL,'0','CA经信局数据同步',NULL,NULL,NULL,NULL,NULL,NULL),(216245905316253696,'环卫中心办公室',216245880846684160,'0',NULL,NULL,NULL,'0','CA经信局数据同步',NULL,NULL,NULL,NULL,NULL,NULL),(216246091346219008,'生态环境局',211176092571144192,'0',NULL,NULL,NULL,'0','CA经信局数据同步',NULL,NULL,NULL,NULL,NULL,NULL),(216246122799304704,'环保局办公室',216246091346219008,'0',NULL,NULL,NULL,'0','CA经信局数据同步',NULL,NULL,NULL,NULL,NULL,NULL),(216246518909374464,'园林局',211176092571144192,'0',NULL,NULL,NULL,'0','CA经信局数据同步',NULL,NULL,NULL,NULL,NULL,NULL),(216246553017454592,'园林局办公室',216246518909374464,'0',NULL,NULL,NULL,'0','CA经信局数据同步',NULL,NULL,NULL,NULL,NULL,NULL),(216246623855054848,'园林中心',211176092571144192,'0',NULL,NULL,NULL,'0','CA经信局数据同步',NULL,NULL,NULL,NULL,NULL,NULL),(216246739559124992,'园林中心办公室',216246623855054848,'0',NULL,NULL,NULL,'0','CA经信局数据同步',NULL,NULL,NULL,NULL,NULL,NULL),(216246792847757312,'生物医药基地',211176092571144192,'0',NULL,NULL,NULL,'0','CA经信局数据同步',NULL,NULL,NULL,NULL,NULL,NULL),(216247247271235584,'兴丰街道',211176092571144192,'0',NULL,NULL,NULL,'0','CA经信局数据同步',NULL,NULL,NULL,NULL,NULL,NULL),(216248424461373440,'榆垡镇',211176092571144192,'0',NULL,NULL,NULL,'0','CA经信局数据同步',NULL,NULL,NULL,NULL,NULL,NULL),(216248473031413760,'榆垡镇办公室',216248424461373440,'0',NULL,NULL,NULL,'0','CA经信局数据同步',NULL,NULL,NULL,NULL,NULL,NULL),(216249147534217216,'高米店街道',211176092571144192,'0',NULL,NULL,NULL,'0','CA经信局数据同步',NULL,NULL,NULL,NULL,NULL,NULL),(216249173350158336,'高米店街道办公室',216249147534217216,'0',NULL,NULL,NULL,'0','CA经信局数据同步',NULL,NULL,NULL,NULL,NULL,NULL),(216249532680376320,'礼贤镇',211176092571144192,'0',NULL,NULL,NULL,'0','CA经信局数据同步',NULL,NULL,NULL,NULL,NULL,NULL),(216249560195010560,'礼贤镇办公室',216249532680376320,'0',NULL,NULL,NULL,'0','CA经信局数据同步',NULL,NULL,NULL,NULL,NULL,NULL),(216249597725642752,'庞各庄镇',211176092571144192,'0',NULL,NULL,NULL,'0','CA经信局数据同步',NULL,NULL,NULL,NULL,NULL,NULL),(216249674867281920,'办公室',216249597725642752,'0',NULL,NULL,NULL,'0','CA经信局数据同步',NULL,NULL,NULL,NULL,NULL,NULL),(216249981215051776,'电商投资公司',211176092571144192,'0',NULL,NULL,NULL,'0','CA经信局数据同步',NULL,NULL,NULL,NULL,NULL,NULL),(216250019416772608,'电商投资公司办公室',216249981215051776,'0',NULL,NULL,NULL,'0','CA经信局数据同步',NULL,NULL,NULL,NULL,NULL,NULL),(216250060227350528,'大兴消防支队',211176092571144192,'0',NULL,NULL,NULL,'0','CA经信局数据同步',NULL,NULL,NULL,NULL,NULL,NULL),(216250084780806144,'大兴消防支队办公室',216250060227350528,'0',NULL,NULL,NULL,'0','CA经信局数据同步',NULL,NULL,NULL,NULL,NULL,NULL),(216252572808384512,'兴丰街道办公室',216247247271235584,'0',NULL,NULL,NULL,'0','CA经信局数据同步',NULL,NULL,NULL,NULL,NULL,NULL),(216484092240334848,'生物医药基地办公室',216246792847757312,'0',NULL,NULL,NULL,'0','CA经信局数据同步',NULL,NULL,NULL,NULL,NULL,NULL),(216490621853110272,'西红门镇',211176092571144192,'0',NULL,NULL,NULL,'0','CA经信局数据同步',NULL,NULL,NULL,NULL,NULL,NULL),(216490654543515648,'西红门镇办公室',216490621853110272,'0',NULL,NULL,NULL,'0','CA经信局数据同步',NULL,NULL,NULL,NULL,NULL,NULL),(218287726678642688,'经管站',211176092571144192,'0',NULL,NULL,NULL,'0','CA经信局数据同步',NULL,NULL,NULL,NULL,NULL,NULL),(218287750720393216,'经管站办公室',218287726678642688,'0',NULL,NULL,NULL,'0','CA经信局数据同步',NULL,NULL,NULL,NULL,NULL,NULL),(218287807830036480,'南海子管委会',211176092571144192,'0',NULL,NULL,NULL,'0','CA经信局数据同步',NULL,NULL,NULL,NULL,NULL,NULL),(218287836141588480,'南海子管委会办公室',218287807830036480,'0',NULL,NULL,NULL,'0','CA经信局数据同步',NULL,NULL,NULL,NULL,NULL,NULL),(218287883105210368,'农机中心',211176092571144192,'0',NULL,NULL,NULL,'0','CA经信局数据同步',NULL,NULL,NULL,NULL,NULL,NULL),(218287905255329792,'农机中心办公室',218287883105210368,'0',NULL,NULL,NULL,'0','CA经信局数据同步',NULL,NULL,NULL,NULL,NULL,NULL),(218287955201101824,'动监局',211176092571144192,'0',NULL,NULL,NULL,'0','CA经信局数据同步',NULL,NULL,NULL,NULL,NULL,NULL),(218287993088249856,'动监局办公室',218287955201101824,'0',NULL,NULL,NULL,'0','CA经信局数据同步',NULL,NULL,NULL,NULL,NULL,NULL),(218288221275164672,'种植中心',211176092571144192,'0',NULL,NULL,NULL,'0','CA经信局数据同步',NULL,NULL,NULL,NULL,NULL,NULL),(218288246713618432,'种植中心办公室',218288221275164672,'0',NULL,NULL,NULL,'0','CA经信局数据同步',NULL,NULL,NULL,NULL,NULL,NULL),(218288342251474944,'气象局',211176092571144192,'0',NULL,NULL,NULL,'0','CA经信局数据同步',NULL,NULL,NULL,NULL,NULL,NULL),(218288366792347648,'气象局办公室',218288342251474944,'0',NULL,NULL,NULL,'0','CA经信局数据同步',NULL,NULL,NULL,NULL,NULL,NULL),(218289602522386432,'商务局',211176092571144192,'0',NULL,NULL,NULL,'0','CA经信局数据同步',NULL,NULL,NULL,NULL,NULL,NULL),(218289632079646720,'商务委办公室',218289602522386432,'0',NULL,NULL,NULL,'0','CA经信局数据同步',NULL,NULL,NULL,NULL,NULL,NULL),(218289699234648064,'粮油总公司',211176092571144192,'0',NULL,NULL,NULL,'0','CA经信局数据同步',NULL,NULL,NULL,NULL,NULL,NULL),(218289741332877312,'粮油总公司办公室',218289699234648064,'0',NULL,NULL,NULL,'0','CA经信局数据同步',NULL,NULL,NULL,NULL,NULL,NULL),(218289786937544704,'烟草专卖局',211176092571144192,'0',NULL,NULL,NULL,'0','CA经信局数据同步',NULL,NULL,NULL,NULL,NULL,NULL),(218289821846736896,'烟草专卖局办公室',218289786937544704,'0',NULL,NULL,NULL,'0','CA经信局数据同步',NULL,NULL,NULL,NULL,NULL,NULL),(218289884127956992,'住建委',211176092571144192,'0',NULL,NULL,NULL,'0','CA经信局数据同步',NULL,NULL,NULL,NULL,NULL,NULL),(218289910497546240,'住建委办公室',218289884127956992,'0',NULL,NULL,NULL,'0','CA经信局数据同步',NULL,NULL,NULL,NULL,NULL,NULL),(218290065749708800,'交通局',211176092571144192,'0',NULL,NULL,NULL,'0','CA经信局数据同步',NULL,NULL,NULL,NULL,NULL,NULL),(218290100302385152,'交通局办公室',218290065749708800,'0',NULL,NULL,NULL,'0','CA经信局数据同步',NULL,NULL,NULL,NULL,NULL,NULL),(218290151288344576,'供电公司',211176092571144192,'0',NULL,NULL,NULL,'0','CA经信局数据同步',NULL,NULL,NULL,NULL,NULL,NULL),(218290182166810624,'供电公司办公室',218290151288344576,'0',NULL,NULL,NULL,'0','CA经信局数据同步',NULL,NULL,NULL,NULL,NULL,NULL),(218290225527525376,'交指办',211176092571144192,'0',NULL,NULL,NULL,'0','CA经信局数据同步',NULL,NULL,NULL,NULL,NULL,NULL),(218290251662233600,'交指办公室',218290225527525376,'0',NULL,NULL,NULL,'0','CA经信局数据同步',NULL,NULL,NULL,NULL,NULL,NULL),(218290365189459968,'规划局',211176092571144192,'0',NULL,NULL,NULL,'0','CA经信局数据同步',NULL,NULL,NULL,NULL,NULL,NULL),(218290397200388096,'规划局办公室',218290365189459968,'0',NULL,NULL,NULL,'0','CA经信局数据同步',NULL,NULL,NULL,NULL,NULL,NULL),(218290469204004864,'城管大队',211176092571144192,'0',NULL,NULL,NULL,'0','CA经信局数据同步',NULL,NULL,NULL,NULL,NULL,NULL),(218290501374316544,'城管大队办公室',218290469204004864,'0',NULL,NULL,NULL,'0','CA经信局数据同步',NULL,NULL,NULL,NULL,NULL,NULL),(218290574363594752,'邮政局',211176092571144192,'0',NULL,NULL,NULL,'0','CA经信局数据同步',NULL,NULL,NULL,NULL,NULL,NULL),(218290611424464896,'邮政局办公室',218290574363594752,'0',NULL,NULL,NULL,'0','CA经信局数据同步',NULL,NULL,NULL,NULL,NULL,NULL),(218290655997333504,'房屋征收中心',211176092571144192,'0',NULL,NULL,NULL,'0','CA经信局数据同步',NULL,NULL,NULL,NULL,NULL,NULL),(218290689115557888,'房屋征收中心办公室',218290655997333504,'0',NULL,NULL,NULL,'0','CA经信局数据同步',NULL,NULL,NULL,NULL,NULL,NULL),(218290767234469888,'公路分局',211176092571144192,'0',NULL,NULL,NULL,'0','CA经信局数据同步',NULL,NULL,NULL,NULL,NULL,NULL),(218290794963013632,'公路分局办公室',218290767234469888,'0',NULL,NULL,NULL,'0','CA经信局数据同步',NULL,NULL,NULL,NULL,NULL,NULL),(218294867808358400,'应急局',211176092571144192,'0',NULL,NULL,NULL,'0','CA经信局数据同步',NULL,NULL,NULL,NULL,NULL,NULL),(218294895796948992,'安监局办公室',218294867808358400,'0',NULL,NULL,NULL,'0','CA经信局数据同步',NULL,NULL,NULL,NULL,NULL,NULL),(218294943934976000,'新媒体产业基地',211176092571144192,'0',NULL,NULL,NULL,'0','CA经信局数据同步',NULL,NULL,NULL,NULL,NULL,NULL),(218294971927760896,'新媒体产业基地办公室',218294943934976000,'0',NULL,NULL,NULL,'0','CA经信局数据同步',NULL,NULL,NULL,NULL,NULL,NULL),(218295021135335424,'电商办',211176092571144192,'0',NULL,NULL,NULL,'0','CA经信局数据同步',NULL,NULL,NULL,NULL,NULL,NULL),(218295067083935744,'电商办公室',218295021135335424,'0',NULL,NULL,NULL,'0','CA经信局数据同步',NULL,NULL,NULL,NULL,NULL,NULL),(218295163594870784,'荣华街道',211176092571144192,'0',NULL,NULL,NULL,'0','CA经信局数据同步',NULL,NULL,NULL,NULL,NULL,NULL),(218295189826048000,'荣华街道办公室',218295163594870784,'0',NULL,NULL,NULL,'0','CA经信局数据同步',NULL,NULL,NULL,NULL,NULL,NULL),(218295239868289024,'博兴街道',211176092571144192,'0',NULL,NULL,NULL,'0','CA经信局数据同步',NULL,NULL,NULL,NULL,NULL,NULL),(218295274261581824,'博兴街道办公室',218295239868289024,'0',NULL,NULL,NULL,'0','CA经信局数据同步',NULL,NULL,NULL,NULL,NULL,NULL),(218299920308899840,'观音寺街道',211176092571144192,'0',NULL,NULL,NULL,'0','CA经信局数据同步',NULL,NULL,NULL,NULL,NULL,NULL),(218299950444974080,'观音寺街道办公室',218299920308899840,'0',NULL,NULL,NULL,'0','CA经信局数据同步',NULL,NULL,NULL,NULL,NULL,NULL),(218300009693712384,'林校街道',211176092571144192,'0',NULL,NULL,NULL,'0','CA经信局数据同步',NULL,NULL,NULL,NULL,NULL,NULL),(218300047169818624,'林校街道办公室',218300009693712384,'0',NULL,NULL,NULL,'0','CA经信局数据同步',NULL,NULL,NULL,NULL,NULL,NULL),(218300169899347968,'天宫院街道',211176092571144192,'0',NULL,NULL,NULL,'0','CA经信局数据同步',NULL,NULL,NULL,NULL,NULL,NULL),(218300210911252480,'党政办公室',218300169899347968,'0',NULL,NULL,NULL,'0','CA经信局数据同步',NULL,NULL,NULL,NULL,NULL,NULL),(218300271170818048,'清源街道',211176092571144192,'0',NULL,NULL,NULL,'0','CA经信局数据同步',NULL,NULL,NULL,NULL,NULL,NULL),(218300308256854016,'清源街道办公室',218300271170818048,'0',NULL,NULL,NULL,'0','CA经信局数据同步',NULL,NULL,NULL,NULL,NULL,NULL),(218300398128205824,'黄村镇',211176092571144192,'0',NULL,NULL,NULL,'0','CA经信局数据同步',NULL,NULL,NULL,NULL,NULL,NULL),(218300429283495936,'黄村镇办公室',218300398128205824,'0',NULL,NULL,NULL,'0','CA经信局数据同步',NULL,NULL,NULL,NULL,NULL,NULL),(218300474166743040,'瀛海镇',211176092571144192,'0',NULL,NULL,NULL,'0','CA经信局数据同步',NULL,NULL,NULL,NULL,NULL,NULL),(218300517070278656,'瀛海镇办公室',218300474166743040,'0',NULL,NULL,NULL,'0','CA经信局数据同步',NULL,NULL,NULL,NULL,NULL,NULL),(218300572959379456,'亦庄镇',211176092571144192,'0',NULL,NULL,NULL,'0','CA经信局数据同步',NULL,NULL,NULL,NULL,NULL,NULL),(218300609948946432,'亦庄镇办公室',218300572959379456,'0',NULL,NULL,NULL,'0','CA经信局数据同步',NULL,NULL,NULL,NULL,NULL,NULL),(218300670556639232,'安定镇',211176092571144192,'0',NULL,NULL,NULL,'0','CA经信局数据同步',NULL,NULL,NULL,NULL,NULL,NULL),(218300715540549632,'安定镇办公室',218300670556639232,'0',NULL,NULL,NULL,'0','CA经信局数据同步',NULL,NULL,NULL,NULL,NULL,NULL),(218303923721736192,'魏善庄镇',211176092571144192,'0',NULL,NULL,NULL,'0','CA经信局数据同步',NULL,NULL,NULL,NULL,NULL,NULL),(218303956571525120,'魏善庄镇办公室',218303923721736192,'0',NULL,NULL,NULL,'0','CA经信局数据同步',NULL,NULL,NULL,NULL,NULL,NULL),(218304038947655680,'旧宫镇',211176092571144192,'0',NULL,NULL,NULL,'0','CA经信局数据同步',NULL,NULL,NULL,NULL,NULL,NULL),(218304066843971584,'旧宫镇办公室',218304038947655680,'0',NULL,NULL,NULL,'0','CA经信局数据同步',NULL,NULL,NULL,NULL,NULL,NULL),(218324564936101888,'采育镇',211176092571144192,'0',NULL,NULL,NULL,'0','CA经信局数据同步',NULL,NULL,NULL,NULL,NULL,NULL),(218324586289303552,'采育镇办公室',218324564936101888,'0',NULL,NULL,NULL,'0','CA经信局数据同步',NULL,NULL,NULL,NULL,NULL,NULL),(218324658561355776,'长子营镇',211176092571144192,'0',NULL,NULL,NULL,'0','CA经信局数据同步',NULL,NULL,NULL,NULL,NULL,NULL),(218324686357008384,'长子营镇办公室',218324658561355776,'0',NULL,NULL,NULL,'0','CA经信局数据同步',NULL,NULL,NULL,NULL,NULL,NULL),(218324844574543872,'青云店镇',211176092571144192,'0',NULL,NULL,NULL,'0','CA经信局数据同步',NULL,NULL,NULL,NULL,NULL,NULL),(218324877399166976,'青云店镇办公室',218324844574543872,'0',NULL,NULL,NULL,'0','CA经信局数据同步',NULL,NULL,NULL,NULL,NULL,NULL),(218324940175314944,'北臧村镇',211176092571144192,'0',NULL,NULL,NULL,'0','CA经信局数据同步',NULL,NULL,NULL,NULL,NULL,NULL),(218324968218431488,'北臧村镇办公室',218324940175314944,'0',NULL,NULL,NULL,'0','CA经信局数据同步',NULL,NULL,NULL,NULL,NULL,NULL),(218325073478684672,'新航城公司',211176092571144192,'0',NULL,NULL,NULL,'0','CA经信局数据同步',NULL,NULL,NULL,NULL,NULL,NULL),(218325094961909760,'新航城公司办公室',218325073478684672,'0',NULL,NULL,NULL,'0','CA经信局数据同步',NULL,NULL,NULL,NULL,NULL,NULL),(218325141782925312,'城建开发',211176092571144192,'0',NULL,NULL,NULL,'0','CA经信局数据同步',NULL,NULL,NULL,NULL,NULL,NULL),(218325180014006272,'城建开发办公室',218325141782925312,'0',NULL,NULL,NULL,'0','CA经信局数据同步',NULL,NULL,NULL,NULL,NULL,NULL),(218325223341166592,'兴创公司',211176092571144192,'0',NULL,NULL,NULL,'0','CA经信局数据同步',NULL,NULL,NULL,NULL,NULL,NULL),(218325248293081088,'兴创公司办公室',218325223341166592,'0',NULL,NULL,NULL,'0','CA经信局数据同步',NULL,NULL,NULL,NULL,NULL,NULL),(218325296548548608,'兴展公司',211176092571144192,'0',NULL,NULL,NULL,'0','CA经信局数据同步',NULL,NULL,NULL,NULL,NULL,NULL),(218325320829374464,'兴展公司办公室',218325296548548608,'0',NULL,NULL,NULL,'0','CA经信局数据同步',NULL,NULL,NULL,NULL,NULL,NULL),(218325364638879744,'京南公司',211176092571144192,'0',NULL,NULL,NULL,'0','CA经信局数据同步',NULL,NULL,NULL,NULL,NULL,NULL),(218325395190190080,'京南公司办公室',218325364638879744,'0',NULL,NULL,NULL,'0','CA经信局数据同步',NULL,NULL,NULL,NULL,NULL,NULL),(218325436944486400,'兴福公司',211176092571144192,'0',NULL,NULL,NULL,'0','CA经信局数据同步',NULL,NULL,NULL,NULL,NULL,NULL),(218325454644449280,'兴福公司办公室',218325436944486400,'0',NULL,NULL,NULL,'0','CA经信局数据同步',NULL,NULL,NULL,NULL,NULL,NULL),(218325507052277760,'物资公司',211176092571144192,'0',NULL,NULL,NULL,'0','CA经信局数据同步',NULL,NULL,NULL,NULL,NULL,NULL),(218325533119877120,'物资公司办公室',218325507052277760,'0',NULL,NULL,NULL,'0','CA经信局数据同步',NULL,NULL,NULL,NULL,NULL,NULL),(218325620495618048,'大兴区保障房公司',211176092571144192,'0',NULL,NULL,NULL,'0','CA经信局数据同步',NULL,NULL,NULL,NULL,NULL,NULL),(218325636131983360,'保障房公司办公室',218325620495618048,'0',NULL,NULL,NULL,'0','CA经信局数据同步',NULL,NULL,NULL,NULL,NULL,NULL),(218330075039404032,'测试机构0421',0,'0',NULL,NULL,NULL,'0','北京大兴',NULL,NULL,NULL,NULL,NULL,NULL),(218330621875982336,'大兴国投',211176092571144192,'0',NULL,NULL,NULL,'0','CA经信局数据同步',NULL,NULL,NULL,NULL,NULL,NULL),(218330642751033344,'大兴国投办公室',218330621875982336,'0',NULL,NULL,NULL,'0','CA经信局数据同步',NULL,NULL,NULL,NULL,NULL,NULL),(220468606457221120,'供销社',211176092571144192,'0',NULL,NULL,NULL,'0','CA经信局数据同步',NULL,NULL,NULL,NULL,NULL,NULL),(220468631799205888,'供销社办公室',220468606457221120,'0',NULL,NULL,NULL,'0','CA经信局数据同步',NULL,NULL,NULL,NULL,NULL,NULL),(220468716800970752,'大兴宾馆',211176092571144192,'0',NULL,NULL,NULL,'0','CA经信局数据同步',NULL,NULL,NULL,NULL,NULL,NULL),(220468740117106688,'大兴宾馆办公室',220468716800970752,'0',NULL,NULL,NULL,'0','CA经信局数据同步',NULL,NULL,NULL,NULL,NULL,NULL),(221307872443764736,'测试四级机构',0,'0',NULL,NULL,NULL,'0','北京市大兴区',NULL,NULL,NULL,NULL,NULL,NULL),(221308717986091008,'测试四级机构-第二级',221307872443764736,'0',NULL,NULL,NULL,'0','北京大兴',NULL,NULL,NULL,NULL,NULL,NULL),(221308910693388288,'测试四级机构-第三级',221308717986091008,'0',NULL,NULL,NULL,'0','北京市大兴区',NULL,NULL,NULL,NULL,NULL,NULL),(221309063768707072,'测试四级机构-第四级',221308910693388288,'0',NULL,NULL,NULL,'0','北京市大兴区',NULL,NULL,NULL,NULL,NULL,NULL),(221685271341699072,'规自分局',211176092571144192,'0',NULL,NULL,NULL,'0','CA经信局数据同步',NULL,NULL,NULL,NULL,NULL,NULL),(221685306619990016,'国土分局办公室',221685271341699072,'0',NULL,NULL,NULL,'0','CA经信局数据同步',NULL,NULL,NULL,NULL,NULL,NULL);
/*!40000 ALTER TABLE `sys_origin` ENABLE KEYS */;
UNLOCK TABLES;

--
-- Dumping data for table `user`
--

LOCK TABLES `user` WRITE;
/*!40000 ALTER TABLE `user` DISABLE KEYS */;
INSERT INTO `user` VALUES (1,'admin',3,NULL,0,NULL,'-1ef523c6b645a65441a91fa80df077c2','admin','','','2293869055@qq.com',NULL),(10,'develop',1,NULL,0,NULL,'-1ef523c6b645a65441a91fa80df077c2','develop','','','',NULL),(132788977987096575,'tenant',1,NULL,0,NULL,'-1ef523c6b645a65441a91fa80df077c2','平台管理员','139988999988','139988999988','tenant@seaboxdata.com',NULL),(143408243207704576,'CasAdmin',3,NULL,0,NULL,'-1ef523c6b645a65441a91fa80df077c2','数据同步管理员','','','',NULL),(155339444398985216,'jxjadmin',1,NULL,0,NULL,'-1ef523c6b645a65441a91fa80df077c2','大兴区管理员','','','',NULL),(167709771930144768,'yjgljadmin',1,NULL,0,NULL,'-1ef523c6b645a65441a91fa80df077c2','应急管理局人员','','','',NULL),(167714198342733824,'cgwadmin',1,NULL,1,NULL,'-1ef523c6b645a65441a91fa80df077c2','城管委信息录入人员','','','',NULL),(168738480661336064,'jtjadmin',1,NULL,0,NULL,'-1ef523c6b645a65441a91fa80df077c2','交通局录入人员','','','',NULL),(168752939538714624,'mzjadmin',3,NULL,0,NULL,'-1ef523c6b645a65441a91fa80df077c2','民政局录入人员','','','',NULL),(168754855781994496,'dxcgwadmin',1,NULL,0,NULL,'-1ef523c6b645a65441a91fa80df077c2','大兴区城管委','','','',NULL),(168756629372801024,'dxgajadmin',1,NULL,0,NULL,'-1ef523c6b645a65441a91fa80df077c2','大兴区公安局','','','',NULL),(169855465772158976,'dxwjwadmin',1,NULL,0,NULL,'-1ef523c6b645a65441a91fa80df077c2','卫健委录入人员','','','',NULL),(169870310315790336,'test777admin',1,NULL,1,NULL,'-1ef523c6b645a65441a91fa80df077c2','1111','','','',NULL),(169878571781853184,'test7admin777',1,NULL,1,NULL,'-1ef523c6b645a65441a91fa80df077c2','test7admin777','','','',NULL),(170850446771097600,'dxqcgwadmin',1,NULL,0,NULL,'-1ef523c6b645a65441a91fa80df077c2','城管委录入人员','','','',NULL),(171279503119749120,'dxjxjadmin',1,NULL,0,NULL,'-1ef523c6b645a65441a91fa80df077c2','','','','',NULL),(171280699079397376,'dxqjxjadmin',1,NULL,0,NULL,'-1ef523c6b645a65441a91fa80df077c2','大兴区经信局录入人员','','','',NULL),(171285833087848448,'dxqczzxadmin',1,NULL,0,NULL,'-1ef523c6b645a65441a91fa80df077c2','大兴区城指中心录入人员','','','',NULL),(171286695944261632,'dxqsthjjadmin',1,NULL,0,NULL,'-1ef523c6b645a65441a91fa80df077c2','大兴区生态环境局录入人员','','','',NULL),(173843992738402304,'dxqczjadmin',1,NULL,0,NULL,'-1ef523c6b645a65441a91fa80df077c2','大兴区财政局录入人员','','','',NULL),(174818317331206144,'dxqqxjadmin',1,NULL,0,NULL,'-1ef523c6b645a65441a91fa80df077c2','气象局录入人员','','','',NULL),(174819289579261952,'dxqscjdgljadmin',1,NULL,0,NULL,'-1ef523c6b645a65441a91fa80df077c2','市场监督管理局录入人员','','','',NULL),(174820663817801728,'dxqfgwadmin',1,NULL,0,NULL,'-1ef523c6b645a65441a91fa80df077c2','大兴区发改委录入人员','','','',NULL),(174821496781410304,'dxqrmfyadmin',1,NULL,0,NULL,'-1ef523c6b645a65441a91fa80df077c2','大兴区人民法院录入人员','','','',NULL),(174823149941166080,'dxqncnyjadmin',1,NULL,0,NULL,'-1ef523c6b645a65441a91fa80df077c2','大兴区农村农业局录入人员','','','',NULL),(174824378717048832,'dxqswjdadmin',1,NULL,0,NULL,'-1ef523c6b645a65441a91fa80df077c2','大兴区生物基地录入人员','','','',NULL),(175208437955825664,'dxqcladmin',1,NULL,0,NULL,'-1ef523c6b645a65441a91fa80df077c2','大兴区残联录入人员','','','',NULL),(175209169102704640,'dxqjwadmin',1,NULL,0,NULL,'-1ef523c6b645a65441a91fa80df077c2','大兴区教委录入人员','213212312313','213212312313','sadfsa@qq.com',NULL),(175211101158510592,'dxqyllhadmin',1,NULL,0,NULL,'-1ef523c6b645a65441a91fa80df077c2','大兴区园林绿化局录入人员','','','',NULL),(175212201076985856,'dxqrlsbjadmin',1,NULL,0,NULL,'-1ef523c6b645a65441a91fa80df077c2','大兴区人力社保局录入人员','','','',NULL),(175250137428398080,'dxqzjwadmin',1,NULL,0,NULL,'-1ef523c6b645a65441a91fa80df077c2','大兴区住建委录入人员','','','',NULL),(175251099165528064,'dxqtjjadmin',1,NULL,0,NULL,'-1ef523c6b645a65441a91fa80df077c2','大兴区统计局录入人员','','','',NULL),(178926405785096192,'dxqkwadmin',1,NULL,0,NULL,'-1ef523c6b645a65441a91fa80df077c2','大兴区科委录入人员','','','',NULL),(178931092567494656,'dxqswjadmin',1,NULL,0,NULL,'-1ef523c6b645a65441a91fa80df077c2','大兴区商务局录入人员','','','',NULL),(178932438284767232,'dxqwljadmin',1,NULL,0,NULL,'-1ef523c6b645a65441a91fa80df077c2','大兴区文旅局录入人员','','','',NULL),(178964961865895936,'dxqfladmin',1,NULL,0,NULL,'-1ef523c6b645a65441a91fa80df077c2','大兴区妇联录入人员','','','',NULL),(178968071195725824,'dxqzwfwjadmin',1,NULL,0,NULL,'-1ef523c6b645a65441a91fa80df077c2','大兴区政务服务局录入人员','','','',NULL),(178969545418084352,'dxqshwjdadmin',1,NULL,0,NULL,'-1ef523c6b645a65441a91fa80df077c2','大兴区水务局录入人员','','','',NULL),(178971754742550528,'dxswjadmin',1,NULL,0,NULL,'-1ef523c6b645a65441a91fa80df077c2','大兴区水务局录入人员','','','',NULL),(181140778343600128,'dxqmfjadmin',1,NULL,0,NULL,'-1ef523c6b645a65441a91fa80df077c2','大兴区民防局录入人员','','','',NULL),(182525112401137664,'wftestadmin',1,NULL,0,NULL,'-1ef523c6b645a65441a91fa80df077c2','工作流测试租户','','','',NULL),(183528915548114944,'mfjadmin',1,NULL,0,NULL,'-1ef523c6b645a65441a91fa80df077c2','民防局管理员','','','',NULL),(183530811495157760,'mzjgladmin',1,NULL,0,NULL,'-1ef523c6b645a65441a91fa80df077c2','民政局管理员','','','',NULL),(183538439306743808,'gajgladmin',1,NULL,0,NULL,'-1ef523c6b645a65441a91fa80df077c2','公安局管理员','111','111','222@qq',NULL),(183612648255000576,'dxqjwuser1',1,NULL,0,NULL,'-1ef523c6b645a65441a91fa80df077c2','教委用户','13611111111','13611111111','56132323@163.com',NULL),(183895181391695872,'zhangsan123',1,NULL,0,NULL,'-1ef523c6b645a65441a91fa80df077c2','zhangsan123','','','',NULL),(193305359895629824,'dxqgzwadmin',1,NULL,0,NULL,'-1ef523c6b645a65441a91fa80df077c2','大兴区国资委管理员','','','',NULL),(193309054678994944,'dxqzghadmin',1,NULL,0,NULL,'-1ef523c6b645a65441a91fa80df077c2','大兴区总工会管理员','','','',NULL),(193309348875866112,'dxqdsbadmin',1,NULL,0,NULL,'-1ef523c6b645a65441a91fa80df077c2','大兴区电商办管理员','','','',NULL),(193309818965069824,'dxqghzrzyadmin',1,NULL,0,NULL,'-1ef523c6b645a65441a91fa80df077c2','大兴区规划和自然资源委员会管理员','','','',NULL),(193310303050665984,'dxqjrbadmin',1,NULL,0,NULL,'-1ef523c6b645a65441a91fa80df077c2','大兴区金融办管理员','','','',NULL),(193310614867808256,'dxqmzbadmin',1,NULL,0,NULL,'-1ef523c6b645a65441a91fa80df077c2','大兴区民宗办管理员','','','',NULL),(193311045060792320,'dxqrfbadmin',1,NULL,0,NULL,'-1ef523c6b645a65441a91fa80df077c2','大兴区人防办管理员','','','',NULL),(193311307087351808,'dxqsjjadmin',1,NULL,0,NULL,'-1ef523c6b645a65441a91fa80df077c2','大兴区审计局管理员','','','',NULL),(193311744863637504,'dxqtaxadmin',1,NULL,0,NULL,'-1ef523c6b645a65441a91fa80df077c2','大兴区税务局','','','',NULL),(193312056550756352,'dxqsfjadmin',1,NULL,0,NULL,'-1ef523c6b645a65441a91fa80df077c2','大兴区司法局管理员','','','',NULL),(193312352282742784,'dxqtyjadmin',1,NULL,0,NULL,'-1ef523c6b645a65441a91fa80df077c2','大兴区体育局管理员','','','',NULL),(193312582751358976,'dxqtyjrjadmin',1,NULL,0,NULL,'-1ef523c6b645a65441a91fa80df077c2','大兴区退役军人局管理员','','','',NULL),(193313028652011520,'dxqxmtjdadmin',1,NULL,0,NULL,'-1ef523c6b645a65441a91fa80df077c2','大兴区新媒体基地管理员','','','',NULL),(193313509281501184,'dxqxfbadmin',1,NULL,0,NULL,'-1ef523c6b645a65441a91fa80df077c2','大兴区信访办','','','',NULL),(193314237295235072,'dxqgjzwadmin',1,NULL,0,NULL,'-1ef523c6b645a65441a91fa80df077c2','国资委管理员','','','',NULL),(194114717269233664,'test1',1,NULL,0,NULL,'-1ef523c6b645a65441a91fa80df077c2','test1','','','',NULL),(194179009410633728,'test2',1,NULL,0,NULL,'-1ef523c6b645a65441a91fa80df077c2','test2','','','',NULL),(194182363088031744,'test2-1',1,NULL,0,NULL,'-1ef523c6b645a65441a91fa80df077c2','test2-1','','','',NULL),(194191161685053440,'test3',1,NULL,0,NULL,'-1ef523c6b645a65441a91fa80df077c2','test3','','','',NULL),(194770164829523968,'test3-1',1,NULL,0,NULL,'-1ef523c6b645a65441a91fa80df077c2','test3-1','13611111111','13611111111','123@qq.com',NULL),(203532881446965248,'test3-2',1,NULL,0,NULL,'-1ef523c6b645a65441a91fa80df077c2','test3-2','','','',NULL),(203534088282443776,'xmgl001',1,NULL,0,NULL,'-1ef523c6b645a65441a91fa80df077c2','xmgl001','','','',NULL),(205377665753026560,'DataAdmin8',1,NULL,0,NULL,'-1ef523c6b645a65441a91fa80df077c2','DataAdmin8','','','',NULL),(207861845862780928,'test3-3',1,NULL,0,NULL,'-1ef523c6b645a65441a91fa80df077c2','test3-3','','','',NULL),(208228717552603136,'test3-4',1,NULL,0,NULL,'-1ef523c6b645a65441a91fa80df077c2','test3-4','','','',NULL),(208228717552603137,'test3-5',1,NULL,0,NULL,'-1ef523c6b645a65441a91fa80df077c2','test3-5','','','',NULL),(208239861386317824,'tongtech',1,NULL,0,NULL,'-1ef523c6b645a65441a91fa80df077c2','tongtech','','','',NULL),(208885558938832896,'finebitest',1,NULL,0,NULL,'-1ef523c6b645a65441a91fa80df077c2','finebitest','','','',NULL),(210438066517708800,'mzj001',1,NULL,0,NULL,'-1ef523c6b645a65441a91fa80df077c2','mzj001','','','',NULL),(210438243261485056,'scjdj001',1,NULL,0,NULL,'-1ef523c6b645a65441a91fa80df077c2','scjdj001','','','',NULL),(211120734360178688,'test3-6',1,NULL,0,NULL,'-1ef523c6b645a65441a91fa80df077c2','test3-6','','','',NULL),(211168796432535552,'test3admin',3,NULL,0,NULL,'-1ef523c6b645a65441a91fa80df077c2','test3admin','','','',NULL),(211432671652483072,'jxwgw',3,NULL,0,NULL,'-1ef523c6b645a65441a91fa80df077c2','经信局公文','13520196661','13520196661','',NULL),(211810862917357568,'yafei',1,NULL,0,NULL,'-1ef523c6b645a65441a91fa80df077c2','史亚飞','','','',NULL),(213616549951574016,'ybjgw',1,NULL,0,NULL,'-1ef523c6b645a65441a91fa80df077c2','医保局公文','18511717521','18511717521','',NULL),(213616551973228544,'awbgw',1,NULL,0,NULL,'-1ef523c6b645a65441a91fa80df077c2','爱卫办公文','13811111111','13811111111','',NULL),(213616554162655232,'dxgw',1,NULL,0,NULL,'-1ef523c6b645a65441a91fa80df077c2','党校公文','13681507112','13681507112','',NULL),(213616556138172416,'jwgw',1,NULL,0,NULL,'-1ef523c6b645a65441a91fa80df077c2','教委公文','13651365399','13651365399','',NULL),(213616558122078208,'kwgw',1,NULL,0,NULL,'-1ef523c6b645a65441a91fa80df077c2','科委公文','15911162807','15911162807','',NULL),(213616560370225152,'wwgw',1,NULL,0,NULL,'-1ef523c6b645a65441a91fa80df077c2','文委公文','15810802588','15810802588','',NULL),(213616562509320192,'wsjgw',1,NULL,0,NULL,'-1ef523c6b645a65441a91fa80df077c2','卫生局公文','13001049846','13001049846','',NULL),(213616564774244352,'wlgw',1,NULL,0,NULL,'-1ef523c6b645a65441a91fa80df077c2','文联公文','13699175825','13699175825','',NULL),(213616572399489024,'tyjgw',1,NULL,0,NULL,'-1ef523c6b645a65441a91fa80df077c2','体育局公文','13810100020','13810100020','',NULL),(213616574379200512,'hszhgw',1,NULL,0,NULL,'-1ef523c6b645a65441a91fa80df077c2','红十字会公文','13681170686','13681170686','',NULL),(213616576514101248,'gdzxgw',1,NULL,0,NULL,'-1ef523c6b645a65441a91fa80df077c2','广电中心公文','18601398796','18601398796','',NULL),(213616578741276672,'cwbgw',1,NULL,0,NULL,'-1ef523c6b645a65441a91fa80df077c2','创卫办公文','null','null','',NULL),(213621138755031040,'zfwgw',1,NULL,0,NULL,'-1ef523c6b645a65441a91fa80df077c2','政法委公文','13488651329','13488651329','',NULL),(213621143838527488,'fkbgw',1,NULL,0,NULL,'-1ef523c6b645a65441a91fa80df077c2','反恐办公文','18311112222','18311112222','',NULL),(213621145780490240,'fzzxgw',1,NULL,0,NULL,'-1ef523c6b645a65441a91fa80df077c2','反诈中心','13111111111','13111111111','',NULL),(213621148175437824,'jsjgw',1,NULL,0,NULL,'-1ef523c6b645a65441a91fa80df077c2','大兴军事局公文','13240031332','13240031332','',NULL),(213621150549413888,'qczaqzlgw',1,NULL,0,NULL,'-1ef523c6b645a65441a91fa80df077c2','区出租房屋管理公文','13810058056','13810058056','',NULL),(213621152814338048,'mfjgw',1,NULL,0,NULL,'-1ef523c6b645a65441a91fa80df077c2','民防局公文','13811846560','13811846560','',NULL),(213621154794049536,'gafjgw',1,NULL,0,NULL,'-1ef523c6b645a65441a91fa80df077c2','公安分局公文','13601122866','13601122866','',NULL),(213621156819898368,'jtzdgw',1,NULL,0,NULL,'-1ef523c6b645a65441a91fa80df077c2','交通支队公文','18901355856','18901355856','',NULL),(213621159005130752,'wgzxgw',1,NULL,0,NULL,'-1ef523c6b645a65441a91fa80df077c2','城指中心公文','15101138426','15101138426','',NULL),(213621161026785280,'jcygw',1,NULL,0,NULL,'-1ef523c6b645a65441a91fa80df077c2','检察院公文','15201580632','15201580632','',NULL),(213621163413344256,'wzbgw',1,NULL,0,NULL,'-1ef523c6b645a65441a91fa80df077c2','武装部公文','null','null','',NULL),(213621165502107648,'mwgw',1,NULL,0,NULL,'-1ef523c6b645a65441a91fa80df077c2','民委公文','15801590956','15801590956','',NULL),(213621167473430528,'fygw',1,NULL,0,NULL,'-1ef523c6b645a65441a91fa80df077c2','法院公文','13501237732','13501237732','',NULL),(213621169612525568,'mzjgw',1,NULL,0,NULL,'-1ef523c6b645a65441a91fa80df077c2','民政局公文','13522633068','13522633068','',NULL),(213621171697094656,'sfjgw',1,NULL,0,NULL,'-1ef523c6b645a65441a91fa80df077c2','司法局公文','18888833167','18888833167','',NULL),(213621173861355520,'gjaqgw',1,NULL,0,NULL,'-1ef523c6b645a65441a91fa80df077c2','国安分局公文','null','null','',NULL),(214459454110961664,'test3-7',1,NULL,0,NULL,'-1ef523c6b645a65441a91fa80df077c2','test3-7','','','',NULL),(215405217389350912,'rdgw',1,NULL,0,NULL,'-1ef523c6b645a65441a91fa80df077c2','人大公文','13611087619','13611087619','',NULL),(215405219759132672,'zxgw',1,NULL,0,NULL,'-1ef523c6b645a65441a91fa80df077c2','政协公文','13581508798','13581508798','',NULL),(215405221885644800,'ccbgw',1,NULL,0,NULL,'-1ef523c6b645a65441a91fa80df077c2','区委创城办','17801041878','17801041878','',NULL),(215405224012156928,'qxbgw',1,NULL,0,NULL,'-1ef523c6b645a65441a91fa80df077c2','区选办公文','13111111111','13111111111','',NULL),(215405226285469696,'xcbgw',1,NULL,0,NULL,'-1ef523c6b645a65441a91fa80df077c2','宣传部公文','15901188666','15901188666','',NULL),(215405228315512832,'tzbgw',1,NULL,0,NULL,'-1ef523c6b645a65441a91fa80df077c2','统战部公文','13811151528','13811151528','',NULL),(215405230316195840,'yjsgw',1,NULL,0,NULL,'-1ef523c6b645a65441a91fa80df077c2','研究室公文','18611174335','18611174335','',NULL),(215405232400764928,'bbgw',1,NULL,0,NULL,'-1ef523c6b645a65441a91fa80df077c2','编办公文','15801085617','15801085617','',NULL),(215405234426613760,'jggwgw',1,NULL,0,NULL,'-1ef523c6b645a65441a91fa80df077c2','机关工委公文','13911364860','13911364860','',NULL),(215405236439879680,'bmjgw',1,NULL,0,NULL,'-1ef523c6b645a65441a91fa80df077c2','保密局公文','15510555726','15510555726','',NULL),(215405238696415232,'qtwgw',1,NULL,0,NULL,'-1ef523c6b645a65441a91fa80df077c2','区团委公文','13691430494','13691430494','',NULL),(215405240768401408,'szbgw',1,NULL,0,NULL,'-1ef523c6b645a65441a91fa80df077c2','史志办公文','18600085852','18600085852','',NULL),(215405242932662272,'flgw',1,NULL,0,NULL,'-1ef523c6b645a65441a91fa80df077c2','妇联公文','13501368553','13501368553','',NULL),(215405245000454144,'wmbgw',1,NULL,0,NULL,'-1ef523c6b645a65441a91fa80df077c2','文明办公文','15810587633','15810587633','',NULL),(215405247185686528,'jghqgw',1,NULL,0,NULL,'-1ef523c6b645a65441a91fa80df077c2','机关后勤中心公文','13683186306','13683186306','',NULL),(215405249375113216,'zuzbgw',1,NULL,0,NULL,'-1ef523c6b645a65441a91fa80df077c2','组织部公文','13021200888','13021200888','',NULL),(215405251430322176,'qwmsk',1,NULL,0,NULL,'-1ef523c6b645a65441a91fa80df077c2','区委秘书科','13911636632','13911636632','',NULL),(215405253712023552,'jjwgw',1,NULL,0,NULL,'-1ef523c6b645a65441a91fa80df077c2','纪委监察委公文','18510505460','18510505460','',NULL),(215405256123748352,'fkzbgw',1,NULL,0,NULL,'-1ef523c6b645a65441a91fa80df077c2','防控专班公文','13111111111','13111111111','',NULL),(215405258204123136,'qwxcbgw',1,NULL,0,NULL,'-1ef523c6b645a65441a91fa80df077c2','区委巡察办','13111111111','13111111111','',NULL),(215405260280303616,'xfbgw',1,NULL,0,NULL,'-1ef523c6b645a65441a91fa80df077c2','信访办公文','13520027382','13520027382','',NULL),(215405262645891072,'dajgw',1,NULL,0,NULL,'-1ef523c6b645a65441a91fa80df077c2','档案局公文','15801698851','15801698851','',NULL),(215405264755625984,'ggwgw',1,NULL,0,NULL,'-1ef523c6b645a65441a91fa80df077c2','关工委公文','13520062767','13520062767','',NULL),(215405266903109632,'shgwgw',1,NULL,0,NULL,'-1ef523c6b645a65441a91fa80df077c2','社会工委公文','15711343202','15711343202','',NULL),(215405268928958464,'dzj',1,NULL,0,NULL,'-1ef523c6b645a65441a91fa80df077c2','地震局','13381001813','13381001813','',NULL),(215405271244214272,'lgbjgw',1,NULL,0,NULL,'-1ef523c6b645a65441a91fa80df077c2','老干部局公文','13522005296','13522005296','',NULL),(215405273282646016,'zfwsk',1,NULL,0,NULL,'-1ef523c6b645a65441a91fa80df077c2','政府文书科','13488787462','13488787462','',NULL),(215405275883114496,'gslgw',1,NULL,0,NULL,'-1ef523c6b645a65441a91fa80df077c2','工商联公文','13426495204','13426495204','',NULL),(215405277917351936,'zghgw',1,NULL,0,NULL,'-1ef523c6b645a65441a91fa80df077c2','总工会公文','13522570245','13522570245','',NULL),(215405288189202432,'clgw',1,NULL,0,NULL,'-1ef523c6b645a65441a91fa80df077c2','残联公文','15001346834','15001346834','',NULL),(215882791869616128,'wxbgw',1,NULL,0,NULL,'-1ef523c6b645a65441a91fa80df077c2','区委网信办','13111111111','13111111111','',NULL),(215882793954185216,'ztbgw',1,NULL,0,NULL,'-1ef523c6b645a65441a91fa80df077c2','主题教育办公室','13111111111','13111111111','',NULL),(215882795954868224,'xqztb',1,NULL,0,NULL,'-1ef523c6b645a65441a91fa80df077c2','新区主体办','null','null','',NULL),(215882798295289856,'xqdjb',1,NULL,0,NULL,'-1ef523c6b645a65441a91fa80df077c2','新区党建办','null','null','',NULL),(215882800354693120,'dcdgw',1,NULL,0,NULL,'-1ef523c6b645a65441a91fa80df077c2','调查队公文','null','null','',NULL),(215882802363764736,'gzwgw',1,NULL,0,NULL,'-1ef523c6b645a65441a91fa80df077c2','国资委公文','13801113530','13801113530','',NULL),(215882804469305344,'shwjgw',1,NULL,0,NULL,'-1ef523c6b645a65441a91fa80df077c2','税务局公文','13911205582','13911205582','',NULL),(215882806679703552,'ccjgw',1,NULL,0,NULL,'-1ef523c6b645a65441a91fa80df077c2','产促局','13621035856','13621035856','',NULL),(215882808890101760,'jrbgw',1,NULL,0,NULL,'-1ef523c6b645a65441a91fa80df077c2','金融办公文','18610094984','18610094984','',NULL),(215882810848841728,'jcbgw',1,NULL,0,NULL,'-1ef523c6b645a65441a91fa80df077c2','机场办公文','13426089040','13426089040','',NULL),(215882812757250048,'kxgw',1,NULL,0,NULL,'-1ef523c6b645a65441a91fa80df077c2','科协公文','18601335757','18601335757','',NULL),(215882814795681792,'xzfwzxgw',1,NULL,0,NULL,'-1ef523c6b645a65441a91fa80df077c2','行政服务中心公文','15801594604','15801594604','',NULL),(215882816779587584,'gongsfjgw',1,NULL,0,NULL,'-1ef523c6b645a65441a91fa80df077c2','工商分局公文','13381266263','13381266263','',NULL),(215882818750910464,'fgwgw',1,NULL,0,NULL,'-1ef523c6b645a65441a91fa80df077c2','发改委公文','13601077578','13601077578','',NULL),(215882820730621952,'czjgw',1,NULL,0,NULL,'-1ef523c6b645a65441a91fa80df077c2','财政局公文','18811194445','18811194445','',NULL),(215882822769053696,'rbjgw',1,NULL,0,NULL,'-1ef523c6b645a65441a91fa80df077c2','人保局公文','13693509526','13693509526','',NULL),(215882824815874048,'sjjgw',1,NULL,0,NULL,'-1ef523c6b645a65441a91fa80df077c2','审计局公文','13651329239','13651329239','',NULL),(215882826837528576,'tjjgw',1,NULL,0,NULL,'-1ef523c6b645a65441a91fa80df077c2','统计局公文','13811907767','13811907767','',NULL),(216147859236589568,'test3-8',1,NULL,0,NULL,'-1ef523c6b645a65441a91fa80df077c2','test3-8','','','',NULL),(216244628402343936,'nwgw',1,NULL,0,NULL,'-1ef523c6b645a65441a91fa80df077c2','农委公文','18601252375','18601252375','',NULL),(216244630029733888,'swjgw',1,NULL,0,NULL,'-1ef523c6b645a65441a91fa80df077c2','水务局公文','18701463749','18701463749','',NULL),(216252121195089920,'pgzzgw',1,NULL,0,NULL,'-1ef523c6b645a65441a91fa80df077c2','庞各庄镇公文','13811913756','13811913756','',NULL),(216252122554044416,'gmdjdgw',1,NULL,0,NULL,'-1ef523c6b645a65441a91fa80df077c2','高米店街道公文','13811191660','13811191660','',NULL),(216252123908804608,'yfzgw',1,NULL,0,NULL,'-1ef523c6b645a65441a91fa80df077c2','榆垡镇公文','13716724834','13716724834','',NULL),(216252125418754048,'lxzgw',1,NULL,0,NULL,'-1ef523c6b645a65441a91fa80df077c2','礼贤镇公文','15600207775','15600207775','',NULL),(216252126802874368,'szsrwgw',1,NULL,0,NULL,'-1ef523c6b645a65441a91fa80df077c2','区城管委公文','13681008127','13681008127','',NULL),(216252128140857344,'hbjgw',1,NULL,0,NULL,'-1ef523c6b645a65441a91fa80df077c2','环保局公文','13520883892','13520883892','',NULL),(216252129499811840,'nywtb',1,NULL,0,NULL,'-1ef523c6b645a65441a91fa80df077c2','农业委填报','null','null','',NULL),(216252130988789760,'yljgw',1,NULL,0,NULL,'-1ef523c6b645a65441a91fa80df077c2','园林局公文','null','null','',NULL),(216252132830089216,'xfzdgw',1,NULL,0,NULL,'-1ef523c6b645a65441a91fa80df077c2','消防支队公文','13401025280','13401025280','',NULL),(216252134302289920,'hwzxgw',1,NULL,0,NULL,'-1ef523c6b645a65441a91fa80df077c2','环卫中心公文','13691346964','13691346964','',NULL),(216252136273612800,'dtgsgw',1,NULL,0,NULL,'-1ef523c6b645a65441a91fa80df077c2','电商投资公司公文','18911125618','18911125618','',NULL),(216252716622680064,'xfjdgw',1,NULL,0,NULL,'-1ef523c6b645a65441a91fa80df077c2','兴丰街道公文','13810775009','13810775009','',NULL),(216486363174932480,'ylzx',1,NULL,0,NULL,'-1ef523c6b645a65441a91fa80df077c2','园林中心','13811099188','13811099188','',NULL),(216486364760379392,'swyyjdgw',1,NULL,0,NULL,'-1ef523c6b645a65441a91fa80df077c2','生物医药基地公文','13910184433','13910184433','',NULL),(216490762102247424,'xhmzgw',1,NULL,0,NULL,'-1ef523c6b645a65441a91fa80df077c2','西红门镇公文','18610221266','18610221266','',NULL),(218289522453123072,'jgzgw',1,NULL,0,NULL,'-1ef523c6b645a65441a91fa80df077c2','经管站公文','13661162724','13661162724','',NULL),(218289524596412416,'qxjgw',1,NULL,0,NULL,'-1ef523c6b645a65441a91fa80df077c2','气象局公文','13520807530','13520807530','',NULL),(218289526316077056,'njzxgw',1,NULL,0,NULL,'-1ef523c6b645a65441a91fa80df077c2','农机中心公文','13691553795','13691553795','',NULL),(218289528107044864,'djjgw',1,NULL,0,NULL,'-1ef523c6b645a65441a91fa80df077c2','动监局公文','13716124568','13716124568','',NULL),(218289530179031040,'zzzxgw',1,NULL,0,NULL,'-1ef523c6b645a65441a91fa80df077c2','种植中心公文','13699181599','13699181599','',NULL),(218289531898695680,'nhzgwhgw',1,NULL,0,NULL,'-1ef523c6b645a65441a91fa80df077c2','南海子管委会公文','15311917508','15311917508','',NULL),(218291343741554688,'jzbgw',1,NULL,0,NULL,'-1ef523c6b645a65441a91fa80df077c2','交指办公文','18311111112','18311111112','',NULL),(218291345612214272,'glfjgw',1,NULL,0,NULL,'-1ef523c6b645a65441a91fa80df077c2','公路分局','13111111111','13111111111','',NULL),(218291347319296000,'yczmjgw',1,NULL,0,NULL,'-1ef523c6b645a65441a91fa80df077c2','烟草专卖局公文','18610886332','18610886332','',NULL),(218291348984434688,'gdgsgw',1,NULL,0,NULL,'-1ef523c6b645a65441a91fa80df077c2','供电公司公文','15011354568','15011354568','4444',NULL),(218291350603436032,'fwzszx',1,NULL,0,NULL,'-1ef523c6b645a65441a91fa80df077c2','房屋征收中心','15001187306','15001187306','',NULL),(218291352490872832,'zjwgw',1,NULL,0,NULL,'-1ef523c6b645a65441a91fa80df077c2','住建委公文','13699176973','13699176973','',NULL),(218291354168594432,'swwgw',1,NULL,0,NULL,'-1ef523c6b645a65441a91fa80df077c2','商务委公文','13581811726','13581811726','',NULL),(218291355997310976,'jtjgw',1,NULL,0,NULL,'-1ef523c6b645a65441a91fa80df077c2','交通局公文','13911228300','13911228300','',NULL),(218291357809250304,'lyzgsgw',1,NULL,0,NULL,'-1ef523c6b645a65441a91fa80df077c2','粮油总公司公文','15801298424','15801298424','',NULL),(218291359835099136,'yzjgw',1,NULL,0,NULL,'-1ef523c6b645a65441a91fa80df077c2','邮政局公文','13401151658','13401151658','',NULL),(218291361558958080,'ghjgw',1,NULL,0,NULL,'-1ef523c6b645a65441a91fa80df077c2','规划局公文','18611076897','18611076897','',NULL),(218291364083929088,'cgddgw',1,NULL,0,NULL,'-1ef523c6b645a65441a91fa80df077c2','城管大队公文','13311355808','13311355808','',NULL),(218330664737574912,'cszh0421',1,NULL,0,NULL,'-1ef523c6b645a65441a91fa80df077c2','测试账号','','','',NULL),(218330688305369088,'mzjtest1',1,NULL,0,NULL,'-1ef523c6b645a65441a91fa80df077c2','mzjtest1','','','',NULL),(218363196900249600,'xfgsgw',1,NULL,0,NULL,'-1ef523c6b645a65441a91fa80df077c2','兴福公司公文','13111111111','13111111111','',NULL),(218363198703800320,'bzfgsgw',1,NULL,0,NULL,'-1ef523c6b645a65441a91fa80df077c2','大兴区保障房公司','13111111111','13111111111','',NULL),(218363200352161792,'qyjdbgw',1,NULL,0,NULL,'-1ef523c6b645a65441a91fa80df077c2','清源街道办事处公文','18801080381','18801080381','',NULL),(218363202243792896,'lxjdgw',1,NULL,0,NULL,'-1ef523c6b645a65441a91fa80df077c2','林校街道公文','13810204317','13810204317','',NULL),(218363203950874624,'xcgw',1,NULL,0,NULL,'-1ef523c6b645a65441a91fa80df077c2','兴创公司公文','13681075253','13681075253','',NULL),(218363205557293056,'xzgsgw',1,NULL,0,NULL,'-1ef523c6b645a65441a91fa80df077c2','兴展公司公文','13810895196','13810895196','',NULL),(218363207369232384,'bzczgw',1,NULL,0,NULL,'-1ef523c6b645a65441a91fa80df077c2','北臧村镇公文','13260137003','13260137003','',NULL),(218363214918979584,'yhzgw',1,NULL,0,NULL,'-1ef523c6b645a65441a91fa80df077c2','瀛海镇公文','13811854315','13811854315','',NULL),(218363217964044288,'adzgw',1,NULL,0,NULL,'-1ef523c6b645a65441a91fa80df077c2','安定镇公文','13810884423','13810884423','',NULL),(218363219838898176,'xhcgsgw',1,NULL,0,NULL,'-1ef523c6b645a65441a91fa80df077c2','新航城公司公文','18611688670','18611688670','',NULL),(218363221566951424,'rhjdgw',1,NULL,0,NULL,'-1ef523c6b645a65441a91fa80df077c2','荣华街道公文','null','null','',NULL),(218363223227895808,'bxjdgw',1,NULL,0,NULL,'-1ef523c6b645a65441a91fa80df077c2','博兴街道公文','null','null','',NULL),(218363225052418048,'jggw',1,NULL,0,NULL,'-1ef523c6b645a65441a91fa80df077c2','旧宫镇公文','13611351878','13611351878','',NULL),(218363226763694080,'cyzgw',1,NULL,0,NULL,'-1ef523c6b645a65441a91fa80df077c2','采育镇公文','13439838339','13439838339','',NULL),(218363228672102400,'ajjgw',1,NULL,0,NULL,'-1ef523c6b645a65441a91fa80df077c2','应急局公文','18510288190','18510288190','',NULL),(218363230416932864,'tgyjdbgw',1,NULL,0,NULL,'-1ef523c6b645a65441a91fa80df077c2','天宫院街道办事处公文','13811666658','13811666658','',NULL),(218363235995357184,'xmtcyjdgw',1,NULL,0,NULL,'-1ef523c6b645a65441a91fa80df077c2','新媒体产业基地公文','13391892278','13391892278','',NULL),(218363237643718656,'gysjdgw',1,NULL,0,NULL,'-1ef523c6b645a65441a91fa80df077c2','观音寺街道公文','18210906810','18210906810','',NULL),(218363239325634560,'cjkfgw',1,NULL,0,NULL,'-1ef523c6b645a65441a91fa80df077c2','城建开发公文','13520270175','13520270175','',NULL),(218363241255014400,'hczgw',1,NULL,0,NULL,'-1ef523c6b645a65441a91fa80df077c2','黄村镇公文','13401138726','13401138726','',NULL),(218363243016622080,'zzygw',1,NULL,0,NULL,'-1ef523c6b645a65441a91fa80df077c2','长子营镇公文','13811953580','13811953580','',NULL),(218363244799201280,'qydzgw',1,NULL,0,NULL,'-1ef523c6b645a65441a91fa80df077c2','青云店镇公文','18310902862','18310902862','',NULL),(218363246795689984,'wszzgw',1,NULL,0,NULL,'-1ef523c6b645a65441a91fa80df077c2','魏善庄镇公文','13911726943','13911726943','',NULL),(218363248683126784,'jngsgw',1,NULL,0,NULL,'-1ef523c6b645a65441a91fa80df077c2','京南公司公文','13810117017','13810117017','',NULL),(218363250448928768,'jnwlgw',1,NULL,0,NULL,'-1ef523c6b645a65441a91fa80df077c2','电商办公文','15810041460','15810041460','',NULL),(218363252428640256,'wzgsgw',1,NULL,0,NULL,'-1ef523c6b645a65441a91fa80df077c2','物资公司公文','15810702005','15810702005','',NULL),(218363254295105536,'gzzxgw',1,NULL,0,NULL,'-1ef523c6b645a65441a91fa80df077c2','国资中心公文','13651074325','13651074325','',NULL),(219123706700632064,'fbi2',1,NULL,0,NULL,'-1ef523c6b645a65441a91fa80df077c2','fbi2','','','',NULL),(219496103861686272,'mzjtest2',1,NULL,0,NULL,'-1ef523c6b645a65441a91fa80df077c2','mzjtest2','','','',NULL),(220468144190394368,'yzzgw',1,NULL,0,NULL,'-1ef523c6b645a65441a91fa80df077c2','亦庄镇公文','13810323746','13810323746','',NULL),(220468664728686592,'gxsgw',1,NULL,0,NULL,'-1ef523c6b645a65441a91fa80df077c2','供销社公文','13911511207','13911511207','',NULL),(220468778897641472,'dxbggw',1,NULL,0,NULL,'-1ef523c6b645a65441a91fa80df077c2','大兴宾馆公文','13911028245','13911028245','',NULL),(221309617341337600,'test4class',1,NULL,0,NULL,'-1ef523c6b645a65441a91fa80df077c2','测试四级机构','','','',NULL),(221685444096692224,'ghgtgw',1,NULL,0,NULL,'-1ef523c6b645a65441a91fa80df077c2','规划和国土分局公文','15811324353','15811324353','',NULL),(225935951774486528,'dxqjwtest1',1,NULL,0,NULL,'-1ef523c6b645a65441a91fa80df077c2','教委测试用户','','','',NULL),(227014417391423488,'ceshi',1,NULL,0,NULL,'-1ef523c6b645a65441a91fa80df077c2','测试','','','',NULL),(233234561419579392,'cgwjr',1,NULL,0,NULL,'-1ef523c6b645a65441a91fa80df077c2','城管委接入','','','',NULL),(233237141348552704,'jxjjr',1,NULL,0,NULL,'-1ef523c6b645a65441a91fa80df077c2','经信局接入','','','',NULL),(233237850647302144,'qxjjr',1,NULL,0,NULL,'-1ef523c6b645a65441a91fa80df077c2','气象局接入','','','',NULL),(233274528107728896,'zwjjr',1,NULL,0,NULL,'-1ef523c6b645a65441a91fa80df077c2','政务局接入','','','',NULL),(234368433440034816,'test3-9',1,NULL,0,NULL,'-1ef523c6b645a65441a91fa80df077c2','test3-9','','','',NULL),(235797574529978368,'fbi3',1,NULL,0,NULL,'-1ef523c6b645a65441a91fa80df077c2','fbi3','','','',NULL),(235815178028060672,'fbi1',1,NULL,0,NULL,'-1ef523c6b645a65441a91fa80df077c2','fbi1','','','',NULL);
/*!40000 ALTER TABLE `user` ENABLE KEYS */;
UNLOCK TABLES;

--
-- Dumping data for table `user_organizations_assign`
--

LOCK TABLES `user_organizations_assign` WRITE;
/*!40000 ALTER TABLE `user_organizations_assign` DISABLE KEYS */;
/*!40000 ALTER TABLE `user_organizations_assign` ENABLE KEYS */;
UNLOCK TABLES;

--
-- Dumping data for table `user_origin_assign`
--

LOCK TABLES `user_origin_assign` WRITE;
/*!40000 ALTER TABLE `user_origin_assign` DISABLE KEYS */;
INSERT INTO `user_origin_assign` VALUES (453233,1,155348180513460224),(453234,10,155348180513460224),(453235,143408243207704576,211176874020311040),(453236,155339444398985216,155348180513460224),(453237,167709771930144768,169089014949875712),(453238,168738480661336064,169034605381423104),(453239,168752939538714624,169745328151597056),(453240,168756629372801024,169738794801696768),(453241,169855465772158976,169855619191410688),(453242,169870310315790336,169870459393937408),(453243,169878571781853184,169879112398278656),(453244,170850446771097600,170850618477514752),(453245,171280699079397376,171280916130435072),(453246,171285833087848448,171288033310674944),(453247,171286695944261632,171287089541943296),(453248,173843992738402304,173844227359379456),(453249,174818317331206144,174818503172427776),(453250,174819289579261952,174819506143760384),(453251,174820663817801728,174820855564603392),(453252,174821496781410304,174821668211003392),(453253,174823149941166080,174823649365331968),(453254,174824378717048832,174824541636399104),(453255,175208437955825664,175208630776369152),(453256,175209169102704640,175209322744254464),(453257,175211101158510592,175211305731493888),(453258,175212201076985856,175212391078957056),(453259,175250137428398080,175250314612576256),(453260,175251099165528064,175251238127013888),(453261,178926405785096192,178927307694673920),(453262,178931092567494656,178931439168000000),(453263,178932438284767232,178932808385957888),(453264,178964961865895936,178965939184865280),(453265,178968071195725824,178968473102323712),(453266,178971754742550528,178972070082908160),(453267,181140778343600128,181143615467294720),(453268,182525112401137664,182525328948858880),(453269,183612648255000576,183605736335609856),(453270,193309054678994944,194510118501617664),(453271,193309348875866112,194518652513554432),(453272,193309818965069824,194523244701814784),(453273,193310303050665984,194615213226594304),(453274,193310614867808256,194546701007196160),(453275,193311045060792320,194618613972471808),(453276,193311307087351808,194632474788237312),(453277,193311744863637504,194063993890017280),(453278,193312056550756352,194604073759150080),(453279,193312352282742784,194638643627954176),(453280,193312582751358976,194642755388051456),(453281,193313028652011520,194629248777064448),(453282,193313509281501184,194643770145378304),(453283,193314237295235072,194595513411178496),(453284,194182363088031744,194182129687597056),(453285,194191161685053440,194769868871045120),(453286,194770164829523968,194769868871045120),(453287,203532881446965248,194769868871045120),(453288,203534088282443776,203525249181028352),(453289,205377665753026560,155348180513460224),(453290,207861845862780928,194769868871045120),(453291,208228717552603136,194769868871045120),(453292,208239861386317824,155348180513460224),(453293,208885558938832896,155348180513460224),(453294,210438066517708800,210437282879115264),(453295,210438243261485056,210436970965504000),(453296,211120734360178688,194769868871045120),(453297,211168796432535552,194769868871045120),(453298,211432671652483072,211176988264763392),(453299,211810862917357568,155348180513460224),(453300,213616549951574016,213615713007570944),(453301,213616551973228544,213615792909062144),(453302,213616554162655232,213615208889978880),(453303,213616556138172416,213614055976472576),(453304,213616558122078208,213615109820518400),(453305,213616560370225152,213614135903129600),(453306,213616562509320192,213614849907888128),(453307,213616564774244352,213615653893050368),(453308,213616572399489024,213614952643170304),(453309,213616574379200512,213615587258142720),(453310,213616576514101248,213615487458873344),(453311,213616578741276672,213615327601364992),(453312,213621138755031040,213617283694727168),(453313,213621143838527488,213618588819525632),(453314,213621145780490240,213618461115551744),(453315,213621148175437824,213618666045050880),(453316,213621150549413888,213618753626312704),(453317,213621152814338048,213617583184809984),(453318,213621154794049536,213617671835619328),(453319,213621156819898368,213618521823907840),(453320,213621159005130752,213618333038284800),(453321,213621161026785280,213617746167074816),(453322,213621163413344256,213617818946637824),(453323,213621165502107648,213618086329323520),(453324,213621167473430528,213618180126543872),(453325,213621169612525568,213617382822907904),(453326,213621171697094656,213617488573894656),(453327,213621173861355520,213618396108034048),(453328,214459454110961664,194769868871045120),(453329,215405217389350912,215397771006578688),(453330,215405219759132672,215398032605319168),(453331,215405221885644800,215403548412874752),(453332,215405224012156928,215403418670469120),(453333,215405226285469696,215399613425913856),(453334,215405228315512832,215399506689265664),(453335,215405230316195840,215398346997764096),(453336,215405232400764928,215398427369017344),(453337,215405234426613760,215398508189061120),(453338,215405236439879680,215398569975353344),(453339,215405238696415232,215398654243115008),(453340,215405240768401408,215398716629192704),(453341,215405242932662272,215398786980253696),(453342,215405245000454144,215398871747137536),(453343,215405247185686528,215399413248561152),(453344,215405249375113216,215402104951541760),(453345,215405251430322176,215403780764733440),(453346,215405253712023552,215401639706759168),(453347,215405256123748352,215402173213839360),(453348,215405258204123136,215403483015286784),(453349,215405260280303616,215402703327727616),(453350,215405262645891072,215402779806666752),(453351,215405264755625984,215402618221105152),(453352,215405266903109632,215402346883190784),(453353,215405268928958464,215402875109642240),(453354,215405271244214272,215402520854532096),(453355,215405273282646016,215397932424368128),(453356,215405275883114496,215402967988310016),(453357,215405277917351936,215403050305720320),(453358,215405288189202432,215403141586358272),(453359,215882791869616128,215881559398551552),(453360,215882793954185216,215881073056419840),(453361,215882795954868224,215881634925383680),(453362,215882798295289856,215881718689828864),(453363,215882800354693120,215879978003337216),(453364,215882802363764736,215880532419022848),(453365,215882804469305344,215880627403231232),(453366,215882806679703552,215881163363979264),(453367,215882808890101760,215881473478234112),(453368,215882810848841728,215881801279868928),(453369,215882812757250048,215881242040733696),(453370,215882814795681792,215881333715636224),(453371,215882816779587584,215880990017589248),(453372,215882818750910464,215879887246987264),(453373,215882820730621952,215880056147415040),(453374,215882822769053696,215880168458293248),(453375,215882824815874048,215880288025317376),(453376,215882826837528576,215880435664818176),(453377,216147859236589568,194769868871045120),(453378,216244628402343936,215888512946409472),(453379,216244630029733888,215888590574587904),(453380,216252121195089920,216249674867281920),(453381,216252122554044416,216249173350158336),(453382,216252123908804608,216248473031413760),(453383,216252125418754048,216249560195010560),(453384,216252126802874368,216245805848334336),(453385,216252128140857344,216246122799304704),(453386,216252129499811840,215888512946409472),(453387,216252130988789760,216246553017454592),(453388,216252132830089216,216250084780806144),(453389,216252134302289920,216245905316253696),(453390,216252136273612800,216250019416772608),(453391,216252716622680064,216252572808384512),(453392,216486363174932480,216246739559124992),(453393,216486364760379392,216484092240334848),(453394,216490762102247424,216490654543515648),(453395,218289522453123072,218287750720393216),(453396,218289524596412416,218288366792347648),(453397,218289526316077056,218287905255329792),(453398,218289528107044864,218287993088249856),(453399,218289530179031040,218288246713618432),(453400,218289531898695680,218287836141588480),(453401,218291343741554688,218290251662233600),(453402,218291345612214272,218290794963013632),(453403,218291347319296000,218289821846736896),(453404,218291348984434688,218290182166810624),(453405,218291350603436032,218290689115557888),(453406,218291352490872832,218289910497546240),(453407,218291354168594432,218289632079646720),(453408,218291355997310976,218290100302385152),(453409,218291357809250304,218289741332877312),(453410,218291359835099136,218290611424464896),(453411,218291361558958080,218290397200388096),(453412,218291364083929088,218290501374316544),(453413,218330664737574912,218330075039404032),(453414,218330688305369088,169745328151597056),(453415,218363196900249600,218325454644449280),(453416,218363198703800320,218325636131983360),(453417,218363200352161792,218300308256854016),(453418,218363202243792896,218300047169818624),(453419,218363203950874624,218325248293081088),(453420,218363205557293056,218325320829374464),(453421,218363207369232384,218324968218431488),(453422,218363214918979584,218300517070278656),(453423,218363217964044288,218300715540549632),(453424,218363219838898176,218325094961909760),(453425,218363221566951424,218295189826048000),(453426,218363223227895808,218295274261581824),(453427,218363225052418048,218304066843971584),(453428,218363226763694080,218324586289303552),(453429,218363228672102400,218294895796948992),(453430,218363230416932864,218300210911252480),(453431,218363235995357184,218294971927760896),(453432,218363237643718656,218299950444974080),(453433,218363239325634560,218325180014006272),(453434,218363241255014400,218300429283495936),(453435,218363243016622080,218324686357008384),(453436,218363244799201280,218324877399166976),(453437,218363246795689984,218303956571525120),(453438,218363248683126784,218325395190190080),(453439,218363250448928768,218295067083935744),(453440,218363252428640256,218325533119877120),(453441,218363254295105536,218330642751033344),(453442,219123706700632064,218330075039404032),(453443,219496103861686272,169745328151597056),(453444,220468144190394368,218300609948946432),(453445,220468664728686592,220468631799205888),(453446,220468778897641472,220468740117106688),(453447,221309617341337600,221309063768707072),(453448,221685444096692224,221685306619990016),(453449,225935951774486528,175209322744254464),(453450,227014417391423488,213614282032680960),(453451,233234561419579392,216245728132075520),(453452,233237141348552704,211177030186831872),(453453,233237850647302144,218288342251474944),(453454,233274528107728896,215881292628234240),(453455,234368433440034816,194769868871045120),(453456,235797574529978368,218330075039404032),(453457,235815178028060672,218330075039404032);
/*!40000 ALTER TABLE `user_origin_assign` ENABLE KEYS */;
UNLOCK TABLES;

--
-- Dumping data for table `user_role`
--

LOCK TABLES `user_role` WRITE;
/*!40000 ALTER TABLE `user_role` DISABLE KEYS */;
INSERT INTO `user_role` VALUES (1,'超级管理员岗'),(6,'下发岗'),(7,'审核岗'),(8,'填报岗');
/*!40000 ALTER TABLE `user_role` ENABLE KEYS */;
UNLOCK TABLES;

--
-- Dumping data for table `user_role_assign`
--

LOCK TABLES `user_role_assign` WRITE;
/*!40000 ALTER TABLE `user_role_assign` DISABLE KEYS */;
INSERT INTO `user_role_assign` VALUES (0,1),(1,1),(10,1),(813382,7),(1174898,8),(1314148,8),(1887631,6),(1971129,8),(2102712,8),(3527639,6),(62720240,1),(73787376,8),(132788977987096575,1),(143408243207704576,1),(155339444398985216,1),(167709771930144768,1),(167714198342733824,1),(168738480661336064,1),(168752939538714624,1),(168754855781994496,1),(168756629372801024,1),(169855465772158976,1),(169870310315790336,1),(169878571781853184,1),(170850446771097600,1),(171279503119749120,1),(171280699079397376,1),(171285833087848448,1),(171286695944261632,1),(173843992738402304,1),(174818317331206144,1),(174819289579261952,1),(174820663817801728,1),(174821496781410304,1),(174823149941166080,1),(174824378717048832,1),(175208437955825664,1),(175209169102704640,1),(175211101158510592,1),(175212201076985856,1),(175250137428398080,1),(175251099165528064,1),(178926405785096192,1),(178931092567494656,1),(178932438284767232,1),(178964961865895936,1),(178968071195725824,1),(178969545418084352,1),(178971754742550528,1),(181140778343600128,1),(182525112401137664,1),(183528915548114944,1),(183530811495157760,1),(183538439306743808,1),(183612648255000576,1),(183895181391695872,1),(193305359895629824,1),(193309054678994944,1),(193309348875866112,1),(193309818965069824,1),(193310303050665984,1),(193310614867808256,1),(193311045060792320,1),(193311307087351808,1),(193311744863637504,1),(193312056550756352,1),(193312352282742784,1),(193312582751358976,1),(193313028652011520,1),(193313509281501184,1),(193314237295235072,1),(194114717269233664,1),(194179009410633728,1),(194182363088031744,1),(194191161685053440,1),(194770164829523968,1),(203532881446965248,1),(203534088282443776,1),(205377665753026560,1),(207861845862780928,1),(208228717552603136,1),(208228717552603137,1),(208239861386317824,1),(208885558938832896,1),(210438066517708800,1),(210438243261485056,1),(211120734360178688,1),(211168796432535552,1),(211432671652483072,1),(211810862917357568,1),(213616549951574016,1),(213616551973228544,1),(213616554162655232,1),(213616556138172416,1),(213616558122078208,1),(213616560370225152,1),(213616562509320192,1),(213616564774244352,1),(213616572399489024,1),(213616574379200512,1),(213616576514101248,1),(213616578741276672,1),(213621138755031040,1),(213621143838527488,1),(213621145780490240,1),(213621148175437824,1),(213621150549413888,1),(213621152814338048,1),(213621154794049536,1),(213621156819898368,1),(213621159005130752,1),(213621161026785280,1),(213621163413344256,1),(213621165502107648,1),(213621167473430528,1),(213621169612525568,1),(213621171697094656,1),(213621173861355520,1),(214459454110961664,1),(215405217389350912,1),(215405219759132672,1),(215405221885644800,1),(215405224012156928,1),(215405226285469696,1),(215405228315512832,1),(215405230316195840,1),(215405232400764928,1),(215405234426613760,1),(215405236439879680,1),(215405238696415232,1),(215405240768401408,1),(215405242932662272,1),(215405245000454144,1),(215405247185686528,1),(215405249375113216,1),(215405251430322176,1),(215405253712023552,1),(215405256123748352,1),(215405258204123136,1),(215405260280303616,1),(215405262645891072,1),(215405264755625984,1),(215405266903109632,1),(215405268928958464,1),(215405271244214272,1),(215405273282646016,1),(215405275883114496,1),(215405277917351936,1),(215405288189202432,1),(215882791869616128,1),(215882793954185216,1),(215882795954868224,1),(215882798295289856,1),(215882800354693120,1),(215882802363764736,1),(215882804469305344,1),(215882806679703552,1),(215882808890101760,1),(215882810848841728,1),(215882812757250048,1),(215882814795681792,1),(215882816779587584,1),(215882818750910464,1),(215882820730621952,1),(215882822769053696,1),(215882824815874048,1),(215882826837528576,1),(216147859236589568,1),(216244628402343936,1),(216244630029733888,1),(216252121195089920,1),(216252122554044416,1),(216252123908804608,1),(216252125418754048,1),(216252126802874368,1),(216252128140857344,1),(216252129499811840,1),(216252130988789760,1),(216252132830089216,1),(216252134302289920,1),(216252136273612800,1),(216252716622680064,1),(216486363174932480,1),(216486364760379392,1),(216490762102247424,1),(218289522453123072,1),(218289524596412416,1),(218289526316077056,1),(218289528107044864,1),(218289530179031040,1),(218289531898695680,1),(218291343741554688,1),(218291345612214272,1),(218291347319296000,1),(218291348984434688,1),(218291350603436032,1),(218291352490872832,1),(218291354168594432,1),(218291355997310976,1),(218291357809250304,1),(218291359835099136,1),(218291361558958080,1),(218291364083929088,1),(218330664737574912,1),(218330688305369088,1),(218363196900249600,1),(218363198703800320,1),(218363200352161792,1),(218363202243792896,1),(218363203950874624,1),(218363205557293056,1),(218363207369232384,1),(218363214918979584,1),(218363217964044288,1),(218363219838898176,1),(218363221566951424,1),(218363223227895808,1),(218363225052418048,1),(218363226763694080,1),(218363228672102400,1),(218363230416932864,1),(218363235995357184,1),(218363237643718656,1),(218363239325634560,1),(218363241255014400,1),(218363243016622080,1),(218363244799201280,1),(218363246795689984,1),(218363248683126784,1),(218363250448928768,1),(218363252428640256,1),(218363254295105536,1),(219123706700632064,1),(219496103861686272,1),(220468144190394368,1),(220468664728686592,1),(220468778897641472,1),(221309617341337600,1),(221685444096692224,1),(225935951774486528,1),(227014417391423488,1),(233234561419579392,1),(233237141348552704,1),(233237850647302144,1),(233274528107728896,1),(234368433440034816,1),(235797574529978368,1),(235815178028060672,1);
/*!40000 ALTER TABLE `user_role_assign` ENABLE KEYS */;
UNLOCK TABLES;

--
-- Dumping data for table `user_role_privilege`
--

LOCK TABLES `user_role_privilege` WRITE;
/*!40000 ALTER TABLE `user_role_privilege` DISABLE KEYS */;
INSERT INTO `user_role_privilege` VALUES (1,1,NULL),(1,2,NULL),(1,3,NULL),(1,4,NULL),(1,6,NULL),(1,11,NULL),(1,12,NULL),(1,21,NULL),(1,22,NULL),(1,23,NULL),(1,24,NULL),(1,31,NULL),(1,42,NULL),(1,43,NULL),(1,61,NULL),(1,62,NULL),(1,63,NULL),(1,64,NULL),(6,1,NULL),(6,2,NULL),(6,3,NULL),(6,4,NULL),(6,11,NULL),(6,12,NULL),(6,21,NULL),(6,22,NULL),(6,23,NULL),(6,24,NULL),(6,31,NULL),(6,43,NULL),(7,4,NULL),(7,42,NULL),(8,3,NULL),(8,31,NULL);
/*!40000 ALTER TABLE `user_role_privilege` ENABLE KEYS */;
UNLOCK TABLES;
/*!40103 SET TIME_ZONE=@OLD_TIME_ZONE */;

/*!40101 SET SQL_MODE=@OLD_SQL_MODE */;
/*!40014 SET FOREIGN_KEY_CHECKS=@OLD_FOREIGN_KEY_CHECKS */;
/*!40014 SET UNIQUE_CHECKS=@OLD_UNIQUE_CHECKS */;
/*!40101 SET CHARACTER_SET_CLIENT=@OLD_CHARACTER_SET_CLIENT */;
/*!40101 SET CHARACTER_SET_RESULTS=@OLD_CHARACTER_SET_RESULTS */;
/*!40101 SET COLLATION_CONNECTION=@OLD_COLLATION_CONNECTION */;
/*!40111 SET SQL_NOTES=@OLD_SQL_NOTES */;

-- Dump completed on 2020-07-31 14:57:58
